id,emotion,punya_caption,sebab,url
78,Proud,tidak,IG: HTTP 400 (post mati/dibatasi),https://www.instagram.com/reel/DC_j_grTwnj/
106,Proud,tidak,IG: HTTP 400 (post mati/dibatasi),https://www.instagram.com/reel/Cv1eEmSs7DX/
295,Anger,tidak,Drive: file dihapus,https://drive.google.com/file/d/1m6QMiRFLNN-ar8SirWcd7F7biMVQkQcQ/view?usp=drive_link
296,Anger,tidak,Drive: file dihapus,https://drive.google.com/file/d/1z_ht8tUGHqrXLijQntzDHDGvnVxYvp67/view?usp=drive_link
297,Surprise,tidak,Drive: file dihapus,https://drive.google.com/file/d/17PEh13iqDufZbFYrX99th4oGWUyMBOrO/view?usp=drive_link
298,Anger,tidak,Drive: file dihapus,https://drive.google.com/file/d/1QKbQgPG6bA1WDwuGpEvAnMmw1_qbtkFk/view?usp=drive_link
299,Surprise,tidak,Drive: file dihapus,https://drive.google.com/file/d/1UE04wkbPDVwJAE8yDJ0CXAOInVEzH7Fx/view?usp=drive_link
300,Surprise,tidak,Drive: file dihapus,https://drive.google.com/file/d/13y34c8Vn-tnRdw2NMRPzW1f_QUljfX-A/view?usp=drive_link
301,Anger,tidak,Drive: file dihapus,https://drive.google.com/file/d/1J1ptOdz_I3WUnaF87jU2PNQszcn5C9DM/view?usp=drive_link
302,Trust,tidak,Drive: file dihapus,https://drive.google.com/file/d/1V42ONkSg7UkrdxWF67Xj3719CPVN8Yp-/view?usp=drive_link
303,Surprise,tidak,Drive: file dihapus,https://drive.google.com/file/d/1eeHcjzmCadvIdIQp7Zs0NTUaDBQc2TD-/view?usp=drive_link
304,Proud,tidak,Drive: file dihapus,https://drive.google.com/file/d/1BerFy1B8lI20y4_fQ8EIRezwaIBzftfs/view?usp=drive_link
305,Surprise,tidak,Drive: file dihapus,https://drive.google.com/file/d/1o8hCq7EPrIX-cFFz4INcAZYIKPj9zVEm/view?usp=drive_link
306,Surprise,tidak,Drive: file dihapus,https://drive.google.com/file/d/1TBxEKfVbZHXKByNuG8cEKpGNkCz_nQTf/view?usp=drive_link
307,Surprise,tidak,Drive: file dihapus,https://drive.google.com/file/d/1L8Gz_VS5F-F30IfDnOzS-5N_1C4yKBHt/view?usp=sharing
308,Surprise,tidak,Drive: file dihapus,https://drive.google.com/file/d/1Aomlf0yj4AGdb8U5cMR5yxHqAMzRfrHE/view?usp=sharing
309,Surprise,tidak,Drive: file dihapus,https://drive.google.com/file/d/1nc1WP7TU_aiyYyrknGGLx1WsSB1xPHu9/view?usp=sharing
310,Surprise,tidak,Drive: file dihapus,https://drive.google.com/file/d/1_bgAkwYdX91eMUGm6OyaWLJa9QOTketj/view?usp=sharing
311,Trust,tidak,Drive: file dihapus,https://drive.google.com/file/d/1ArjlJjHMZ88_6Js-3l7OzvP9bdj0vkQb/view?usp=sharing
312,Proud,tidak,Drive: file dihapus,https://drive.google.com/file/d/1L2j2rvvi7Ouya7LPsDSjvZxktkcxWVDu/view?usp=sharing
313,Surprise,tidak,Drive: file dihapus,https://drive.google.com/file/d/1P6PgAAZKmoYiKR8ekl0_2K2N8NdCbFXy/view?usp=sharing
314,Surprise,tidak,Drive: file dihapus,https://drive.google.com/file/d/15G61xFAnsKP6pSqf_OlTmcMSjKoXjL2t/view?usp=sharing
315,Surprise,tidak,Drive: file dihapus,https://drive.google.com/file/d/12ENYEj_jRUN8l0Mj2e-6yjilOwqvnQOl/view?usp=sharing
316,Surprise,tidak,Drive: file dihapus,https://drive.google.com/file/d/14DVME9QFrjHl0N8FD7vI-c11kqz9Ev-C/view?usp=sharing
317,Surprise,tidak,Drive: file dihapus,https://drive.google.com/file/d/1u4RaQEcXtvZ3PcEZ_3XxdvZbd3LehmUA/view?usp=sharing
318,Surprise,tidak,Drive: file dihapus,https://drive.google.com/file/d/1oVqUQe3KXE6ZiakQGOLSV39FSSxSZflf/view?usp=sharing
319,Anger,tidak,Drive: file dihapus,https://drive.google.com/file/d/13eE_1qXoSDqlVNxyi41nLlHOfroaGvgF/view?usp=sharing
320,Surprise,tidak,Drive: file dihapus,https://drive.google.com/file/d/1_1pUppoq1CubSilNkIilvXy9BUMvqN5a/view?usp=sharing
389,Surprise,tidak,Drive: file dihapus,https://drive.google.com/file/d/1-n-P6UQqIBYoTzxtEze3qKSj8A8hYlr7/view?usp=sharing
390,Trust,tidak,Drive: file dihapus,https://drive.google.com/file/d/102kK5zq2dvrb81sAoK6tOcWExWj15pRX/view?usp=sharing
391,Trust,tidak,Drive: file dihapus,https://drive.google.com/file/d/109Zhcay8nqy9EBWMevT6Efw7pBoAOinQ/view?usp=sharing
392,Trust,tidak,Drive: file dihapus,https://drive.google.com/file/d/10oaPryWiAQJ1zhgvz9umlAsLGwVb7Qk0/view?usp=sharing
393,Trust,tidak,Drive: file dihapus,https://drive.google.com/file/d/11m6BZ-FlGSep5Yk_OXG-l4vXVscj3XiV/view?usp=sharing
394,Surprise,tidak,Drive: file dihapus,https://drive.google.com/file/d/16isnjbizI64UPWSWc29ADT-Da0iWuKtu/view?usp=sharing
395,Surprise,tidak,Drive: file dihapus,https://drive.google.com/file/d/19ai_jDyg7RQ4a7v8qmkgF9GPuOAR1zvI/view?usp=sharing
396,Proud,tidak,Drive: file dihapus,https://drive.google.com/file/d/1AKOpU-T717YOtLwbTSqV1ECf1SarMYzR/view?usp=sharing
397,Proud,tidak,Drive: file dihapus,https://drive.google.com/file/d/1C_hIfvMOCncO8cucOt-XXwhob0EZ1F6p/view?usp=sharing
398,Trust,tidak,Drive: file dihapus,https://drive.google.com/file/d/1GirafhnqZPpOpv2qn7G7Unp1yKeBRvSW/view?usp=sharing
399,Trust,tidak,Drive: file dihapus,https://drive.google.com/file/d/1KAy5cgBU386KwCjEeaniP4P7FDkWu5cH/view?usp=sharing
400,Trust,tidak,Drive: file dihapus,https://drive.google.com/file/d/1Oc5Q-niMiBiAH2QEv-RxW7jJX1ldfrfi/view?usp=sharing
401,Proud,tidak,Drive: file dihapus,https://drive.google.com/file/d/1PO2U34pcKAcxAOJtwmSejmRgNB5koTEi/view?usp=sharing
402,Proud,tidak,Drive: file dihapus,https://drive.google.com/file/d/1REqm_JWcaZA73Jy4XMtl-gd7CiExVizn/view?usp=sharing
403,Proud,tidak,Drive: file dihapus,https://drive.google.com/file/d/1RuG8tAU9xSDT6oYf_gox_krLOGl5zZAT/view?usp=sharing
404,Trust,tidak,Drive: file dihapus,https://drive.google.com/file/d/1SClBWIykBWYBR97lUcitK1nbexZJMpVn/view?usp=sharing
405,Fear,tidak,Drive: file dihapus,https://drive.google.com/file/d/1SLzwB2vFY8ZxxWJQWagAlk_Q8qdKvQZu/view?usp=sharing
406,Surprise,tidak,Drive: file dihapus,https://drive.google.com/file/d/1TsssLBV9UK2CyCeHY-qWf-AN7xdqWVSL/view?usp=sharing
407,Proud,tidak,Drive: file dihapus,https://drive.google.com/file/d/1Yl1ocOLrNkvokbxAJNGFJd6FC1eYzhm4/view?usp=sharing
408,Proud,tidak,Drive: file dihapus,https://drive.google.com/file/d/1b7WCqKGBXJD4wZia0ke1CP9ZYituynGn/view?usp=sharing
409,Surprise,tidak,Drive: file dihapus,https://drive.google.com/file/d/1bh-6oY-dAOw08yVXIc-416tDFEeisPFR/view?usp=sharing
410,Surprise,tidak,Drive: file dihapus,https://drive.google.com/file/d/1clMd4lL0Odism-RJzRkkGlbpnsNxVnUt/view?usp=sharing
411,Proud,tidak,Drive: file dihapus,https://drive.google.com/file/d/1g7Psf62v7dErnIBYEvpxtfc1djyMCS0l/view?usp=sharing
412,Proud,tidak,Drive: file dihapus,https://drive.google.com/file/d/1fxLBDzhzEvq589e2pwRIgajrLKvTu2YD/view?usp=sharing
413,Trust,tidak,Drive: file dihapus,https://drive.google.com/file/d/1g2liHVQnD1CUknV6v8CMX2kdinFYaXIu/view?usp=sharing
414,Trust,tidak,Drive: file dihapus,https://drive.google.com/file/d/1irj5JRI7t68x1Or_uWrbpv-9Xa7cGyWE/view?usp=sharing
415,Trust,tidak,Drive: file dihapus,https://drive.google.com/file/d/1k7yqx0DAeO8yMyj5va5Oe8mgB0Jialu5/view?usp=sharing
416,Surprise,tidak,Drive: file dihapus,https://drive.google.com/file/d/1kWnsda1Gnjv95ftXeZYL2A_N-sz1RJ2R/view?usp=sharing
417,Trust,tidak,Drive: file dihapus,https://drive.google.com/file/d/1kj1MAL40UOCtOhBoBisMdVWELfzRgWZp/view?usp=sharing
418,Proud,tidak,Drive: file dihapus,https://drive.google.com/file/d/1ks5YYxJtTG-YB49TdxqZT0Eme3zMRb-b/view?usp=sharing
419,Proud,tidak,Drive: file dihapus,https://drive.google.com/file/d/1lJeWDVKUMGYuTio3v5VayeJIojWGQW6E/view?usp=sharing
420,Surprise,tidak,Drive: file dihapus,https://drive.google.com/file/d/1qIq1UsEs-OgQahU8FAu93jkv7KpmlsKA/view?usp=sharing
421,Trust,tidak,Drive: file dihapus,https://drive.google.com/file/d/1vjaFMg4gcw513QhmK2q3d2gg-Y5oB71U/view?usp=sharing
422,Surprise,tidak,Drive: file dihapus,https://drive.google.com/file/d/1x50LZ0k1yXgSGNIjv0md22yM06WKPKuU/view?usp=sharing
423,Proud,tidak,Drive: file dihapus,https://drive.google.com/file/d/1xohZ4PTuUWwJKHH-nlKLsfWgcUe6q0gE/view?usp=sharing
424,Joy,tidak,Drive: file dihapus,https://drive.google.com/file/d/1yLyoC9nI4gazvTGLfppJVKitpQA1xb9K/view?usp=sharing
459,Proud,tidak,IG: HTTP 400 (post mati/dibatasi),https://www.instagram.com/reel/DLZlNnoRLn1/?utm_source=ig_web_copy_link&igsh=MzRlODBiNWFlZA==
460,Trust,tidak,IG: HTTP 400 (post mati/dibatasi),https://www.instagram.com/reel/DLUesJ4RTin/?utm_source=ig_web_copy_link&igsh=MzRlODBiNWFlZA==
591,Trust,tidak,IG: HTTP 400 (post mati/dibatasi),https://www.instagram.com/reel/C-wcAZ2vJSE/?igsh=MWtwa2Q2aTQxZ2U0Zg==
635,Trust,tidak,IG: empty media (post mati),https://instagram.com/p/DGsKrpyyPZW/
668,Surprise,tidak,IG: DownloadError: ERROR: [Instagram] DKUTIIdRszz,https://www.instagram.com/reel/DKUTIIdRszz/?hl=id
670,Surprise,tidak,IG: dihapus/private,https://www.instagram.com/reel/DJWSQBhxALE/?hl=id
683,Sad,tidak,CDN: URL kadaluarsa (403),"https://scontent-cgk2-1.cdninstagram.com/o1/v/t2/f2/m86/AQPYnSGoFjuMdsjQNQBN-KPMwY0jLAnqYkNsP8f742yXa0TpgITMz5053fziOwgxG_VhxIHEQ7mpaDYzxAtdF9MOYDteRNZhXevG8ZE.mp4?_nc_cat=104&_nc_sid=5e9851&_nc_ht=scontent-cgk2-1.cdninstagram.com&_nc_ohc=iokpCMvVPdAQ7kNvwGh0pTe&efg=eyJ2ZW5jb2RlX3RhZyI6Inhwdl9wcm9ncmVzc2l2ZS5JTlNUQUdSQU0uQ0xJUFMuQzMuNzIwLmRhc2hfYmFzZWxpbmVfMV92MSIsInhwdl9hc3NldF9pZCI6NzQzNjQ0Mjg4MDI4NjMxLCJ2aV91c2VjYXNlX2lkIjoxMDA5OSwiZHVyYXRpb25fcyI6ODcsInVybGdlbl9zb3VyY2UiOiJ3d3cifQ%3D%3D&ccb=17-1&vs=91cc9ad00c4a209e&_nc_vs=HBksFQIYUmlnX3hwdl9yZWVsc19wZXJtYW5lbnRfc3JfcHJvZC9GRTQ4QjAzN0U5MDExNkRGNzY4QjUzQUQ5NEMzMDU5NF92aWRlb19kYXNoaW5pdC5tcDQVAALIARIAFQIYOnBhc3N0aHJvdWdoX2V2ZXJzdG9yZS9HQWVlSXg0ZUs1YmdDeU1GQUFpWWxqMzlDcmwwYnFfRUFBQUYVAgLIARIAKAAYABsCiAd1c2Vfb2lsATEScHJvZ3Jlc3NpdmVfcmVjaXBlATEVAAAmrr-E2uWV0gIVAigCQzMsF0BVxmZmZmZmGBJkYXNoX2Jhc2VsaW5lXzFfdjERAHX-B2XmnQEA&_nc_gid=uGYR9tdSTLtNR-5m1txQvw&_nc_zt=28&oh=00_AfWQtOSkaS_-93qIgXT56zl5Vk7Dl3DdDK2BdgHXVoKRUg&oe=689B8055, https://scontent-cgk2-1.cdninstagram.com/o1/v/t2/f2/m86/AQPYnSGoFjuMdsjQNQBN-KPMwY0jLAnqYkNsP8f742yXa0TpgITMz5053fziOwgxG_VhxIHEQ7mpaDYzxAtdF9MOYDteRNZhXevG8ZE.mp4?_nc_cat=104&_nc_sid=5e9851&_nc_ht=scontent-cgk2-1.cdninstagram.com&_nc_ohc=iokpCMvVPdAQ7kNvwGh0pTe&efg=eyJ2ZW5jb2RlX3RhZyI6Inhwdl9wcm9ncmVzc2l2ZS5JTlNUQUdSQU0uQ0xJUFMuQzMuNzIwLmRhc2hfYmFzZWxpbmVfMV92MSIsInhwdl9hc3NldF9pZCI6NzQzNjQ0Mjg4MDI4NjMxLCJ2aV91c2VjYXNlX2lkIjoxMDA5OSwiZHVyYXRpb25fcyI6ODcsInVybGdlbl9zb3VyY2UiOiJ3d3cifQ%3D%3D&ccb=17-1&vs=91cc9ad00c4a209e&_nc_vs=HBksFQIYUmlnX3hwdl9yZWVsc19wZXJtYW5lbnRfc3JfcHJvZC9GRTQ4QjAzN0U5MDExNkRGNzY4QjUzQUQ5NEMzMDU5NF92aWRlb19kYXNoaW5pdC5tcDQVAALIARIAFQIYOnBhc3N0aHJvdWdoX2V2ZXJzdG9yZS9HQWVlSXg0ZUs1YmdDeU1GQUFpWWxqMzlDcmwwYnFfRUFBQUYVAgLIARIAKAAYABsCiAd1c2Vfb2lsATEScHJvZ3Jlc3NpdmVfcmVjaXBlATEVAAAmrr-E2uWV0gIVAigCQzMsF0BVxmZmZmZmGBJkYXNoX2Jhc2VsaW5lXzFfdjERAHX-B2XmnQEA&_nc_gid=uGYR9tdSTLtNR-5m1txQvw&_nc_zt=28&oh=00_AfWQtOSkaS_-93qIgXT56zl5Vk7Dl3DdDK2BdgHXVoKRUg&oe=689B8055, https://scontent-cgk2-1.cdninstagram.com/o1/v/t2/f2/m86/AQPYnSGoFjuMdsjQNQBN-KPMwY0jLAnqYkNsP8f742yXa0TpgITMz5053fziOwgxG_VhxIHEQ7mpaDYzxAtdF9MOYDteRNZhXevG8ZE.mp4?_nc_cat=104&_nc_sid=5e9851&_nc_ht=scontent-cgk2-1.cdninstagram.com&_nc_ohc=iokpCMvVPdAQ7kNvwGh0pTe&efg=eyJ2ZW5jb2RlX3RhZyI6Inhwdl9wcm9ncmVzc2l2ZS5JTlNUQUdSQU0uQ0xJUFMuQzMuNzIwLmRhc2hfYmFzZWxpbmVfMV92MSIsInhwdl9hc3NldF9pZCI6NzQzNjQ0Mjg4MDI4NjMxLCJ2aV91c2VjYXNlX2lkIjoxMDA5OSwiZHVyYXRpb25fcyI6ODcsInVybGdlbl9zb3VyY2UiOiJ3d3cifQ%3D%3D&ccb=17-1&vs=91cc9ad00c4a209e&_nc_vs=HBksFQIYUmlnX3hwdl9yZWVsc19wZXJtYW5lbnRfc3JfcHJvZC9GRTQ4QjAzN0U5MDExNkRGNzY4QjUzQUQ5NEMzMDU5NF92aWRlb19kYXNoaW5pdC5tcDQVAALIARIAFQIYOnBhc3N0aHJvdWdoX2V2ZXJzdG9yZS9HQWVlSXg0ZUs1YmdDeU1GQUFpWWxqMzlDcmwwYnFfRUFBQUYVAgLIARIAKAAYABsCiAd1c2Vfb2lsATEScHJvZ3Jlc3NpdmVfcmVjaXBlATEVAAAmrr-E2uWV0gIVAigCQzMsF0BVxmZmZmZmGBJkYXNoX2Jhc2VsaW5lXzFfdjERAHX-B2XmnQEA&_nc_gid=uGYR9tdSTLtNR-5m1txQvw&_nc_zt=28&oh=00_AfWQtOSkaS_-93qIgXT56zl5Vk7Dl3DdDK2BdgHXVoKRUg&oe=689B8055"
684,Surprise,tidak,CDN: URL kadaluarsa (403),"https://scontent-cgk2-2.cdninstagram.com/o1/v/t2/f2/m86/AQNLQw83UEeOwNEKRHDbUX16zTeoBKrVnoesLW68kqGtWi0u_cmqP4JogzCCB55yIFj0cLyeSfrTiB4WEfD2HqUTy1lsqxzaouPA3Ik.mp4?_nc_cat=110&_nc_sid=5e9851&_nc_ht=scontent-cgk2-2.cdninstagram.com&_nc_ohc=-kJ0v2SJyvQQ7kNvwEyMQPo&efg=eyJ2ZW5jb2RlX3RhZyI6Inhwdl9wcm9ncmVzc2l2ZS5JTlNUQUdSQU0uQ0xJUFMuQzMuNzIwLmRhc2hfYmFzZWxpbmVfMV92MSIsInhwdl9hc3NldF9pZCI6MjQwMTg1NTMyNzQ0OTczNDMsInZpX3VzZWNhc2VfaWQiOjEwMDk5LCJkdXJhdGlvbl9zIjozMCwidXJsZ2VuX3NvdXJjZSI6Ind3dyJ9&ccb=17-1&vs=c0d4854ce0a1dec5&_nc_vs=HBksFQIYUmlnX3hwdl9yZWVsc19wZXJtYW5lbnRfc3JfcHJvZC9BRjQwRDAwRTVFRjBDMUJCM0E1RDU0QjU3QTZDRUU4MF92aWRlb19kYXNoaW5pdC5tcDQVAALIARIAFQIYOnBhc3N0aHJvdWdoX2V2ZXJzdG9yZS9HT1Q5eVI3UjdMZUtNUU1FQU9NYlJ6akEzUm9MYnFfRUFBQUYVAgLIARIAKAAYABsCiAd1c2Vfb2lsATEScHJvZ3Jlc3NpdmVfcmVjaXBlATEVAAAm_uSP_-avqlUVAigCQzMsF0A-mZmZmZmaGBJkYXNoX2Jhc2VsaW5lXzFfdjERAHX-B2XmnQEA&_nc_gid=qYsP2FaRh_-cHwqcm4QxDA&_nc_zt=28&oh=00_AfVPkdga5DFDYZVJgDG3dXwuLauNdcCR3cAoX3ZAsjHpgQ&oe=689B8417, https://scontent-cgk2-2.cdninstagram.com/o1/v/t2/f2/m86/AQNLQw83UEeOwNEKRHDbUX16zTeoBKrVnoesLW68kqGtWi0u_cmqP4JogzCCB55yIFj0cLyeSfrTiB4WEfD2HqUTy1lsqxzaouPA3Ik.mp4?_nc_cat=110&_nc_sid=5e9851&_nc_ht=scontent-cgk2-2.cdninstagram.com&_nc_ohc=-kJ0v2SJyvQQ7kNvwEyMQPo&efg=eyJ2ZW5jb2RlX3RhZyI6Inhwdl9wcm9ncmVzc2l2ZS5JTlNUQUdSQU0uQ0xJUFMuQzMuNzIwLmRhc2hfYmFzZWxpbmVfMV92MSIsInhwdl9hc3NldF9pZCI6MjQwMTg1NTMyNzQ0OTczNDMsInZpX3VzZWNhc2VfaWQiOjEwMDk5LCJkdXJhdGlvbl9zIjozMCwidXJsZ2VuX3NvdXJjZSI6Ind3dyJ9&ccb=17-1&vs=c0d4854ce0a1dec5&_nc_vs=HBksFQIYUmlnX3hwdl9yZWVsc19wZXJtYW5lbnRfc3JfcHJvZC9BRjQwRDAwRTVFRjBDMUJCM0E1RDU0QjU3QTZDRUU4MF92aWRlb19kYXNoaW5pdC5tcDQVAALIARIAFQIYOnBhc3N0aHJvdWdoX2V2ZXJzdG9yZS9HT1Q5eVI3UjdMZUtNUU1FQU9NYlJ6akEzUm9MYnFfRUFBQUYVAgLIARIAKAAYABsCiAd1c2Vfb2lsATEScHJvZ3Jlc3NpdmVfcmVjaXBlATEVAAAm_uSP_-avqlUVAigCQzMsF0A-mZmZmZmaGBJkYXNoX2Jhc2VsaW5lXzFfdjERAHX-B2XmnQEA&_nc_gid=qYsP2FaRh_-cHwqcm4QxDA&_nc_zt=28&oh=00_AfVPkdga5DFDYZVJgDG3dXwuLauNdcCR3cAoX3ZAsjHpgQ&oe=689B8417, https://scontent-cgk2-2.cdninstagram.com/o1/v/t2/f2/m86/AQNLQw83UEeOwNEKRHDbUX16zTeoBKrVnoesLW68kqGtWi0u_cmqP4JogzCCB55yIFj0cLyeSfrTiB4WEfD2HqUTy1lsqxzaouPA3Ik.mp4?_nc_cat=110&_nc_sid=5e9851&_nc_ht=scontent-cgk2-2.cdninstagram.com&_nc_ohc=-kJ0v2SJyvQQ7kNvwEyMQPo&efg=eyJ2ZW5jb2RlX3RhZyI6Inhwdl9wcm9ncmVzc2l2ZS5JTlNUQUdSQU0uQ0xJUFMuQzMuNzIwLmRhc2hfYmFzZWxpbmVfMV92MSIsInhwdl9hc3NldF9pZCI6MjQwMTg1NTMyNzQ0OTczNDMsInZpX3VzZWNhc2VfaWQiOjEwMDk5LCJkdXJhdGlvbl9zIjozMCwidXJsZ2VuX3NvdXJjZSI6Ind3dyJ9&ccb=17-1&vs=c0d4854ce0a1dec5&_nc_vs=HBksFQIYUmlnX3hwdl9yZWVsc19wZXJtYW5lbnRfc3JfcHJvZC9BRjQwRDAwRTVFRjBDMUJCM0E1RDU0QjU3QTZDRUU4MF92aWRlb19kYXNoaW5pdC5tcDQVAALIARIAFQIYOnBhc3N0aHJvdWdoX2V2ZXJzdG9yZS9HT1Q5eVI3UjdMZUtNUU1FQU9NYlJ6akEzUm9MYnFfRUFBQUYVAgLIARIAKAAYABsCiAd1c2Vfb2lsATEScHJvZ3Jlc3NpdmVfcmVjaXBlATEVAAAm_uSP_-avqlUVAigCQzMsF0A-mZmZmZmaGBJkYXNoX2Jhc2VsaW5lXzFfdjERAHX-B2XmnQEA&_nc_gid=qYsP2FaRh_-cHwqcm4QxDA&_nc_zt=28&oh=00_AfVPkdga5DFDYZVJgDG3dXwuLauNdcCR3cAoX3ZAsjHpgQ&oe=689B8417"
685,Proud,tidak,CDN: URL kadaluarsa (403),"https://scontent-cgk2-2.cdninstagram.com/o1/v/t2/f2/m86/AQP8VhVKfBFuPBb-cSz5JkvwEhg7lN_SGeMMsCkJG51Y1zbE2nhHVUyJOxshisSSOtDmRLZUfJMa_xsNGkk2TxefeRL5MJgtLf56ni4.mp4?_nc_cat=100&_nc_sid=5e9851&_nc_ht=scontent-cgk2-2.cdninstagram.com&_nc_ohc=omw6CRV3AUoQ7kNvwGiRZXo&efg=eyJ2ZW5jb2RlX3RhZyI6Inhwdl9wcm9ncmVzc2l2ZS5JTlNUQUdSQU0uQ0xJUFMuQzMuNzIwLmRhc2hfYmFzZWxpbmVfMV92MSIsInhwdl9hc3NldF9pZCI6MTk4NTYzNzE2ODkwODYxNSwidmlfdXNlY2FzZV9pZCI6MTAwOTksImR1cmF0aW9uX3MiOjczLCJ1cmxnZW5fc291cmNlIjoid3d3In0%3D&ccb=17-1&vs=7455e4e03a036349&_nc_vs=HBksFQIYUmlnX3hwdl9yZWVsc19wZXJtYW5lbnRfc3JfcHJvZC80NTRGOTY2RTE0MjNGQTcyRDUzMTI3REJDQjM0NEJCRV92aWRlb19kYXNoaW5pdC5tcDQVAALIARIAFQIYOnBhc3N0aHJvdWdoX2V2ZXJzdG9yZS9HQ2dOMmg3c2ZjX3J4eUlGQU9icFEtaXE3V1ZGYnFfRUFBQUYVAgLIARIAKAAYABsCiAd1c2Vfb2lsATEScHJvZ3Jlc3NpdmVfcmVjaXBlATEVAAAmjqXY4aX7hgcVAigCQzMsF0BSRmZmZmZmGBJkYXNoX2Jhc2VsaW5lXzFfdjERAHX-B2XmnQEA&_nc_gid=qYsP2FaRh_-cHwqcm4QxDA&_nc_zt=28&oh=00_AfVxmW17NCvN6yQM0qNMQwA10ijEyTv5XG8-w-gSJecUFA&oe=689B8839, https://scontent-cgk2-2.cdninstagram.com/o1/v/t2/f2/m86/AQP8VhVKfBFuPBb-cSz5JkvwEhg7lN_SGeMMsCkJG51Y1zbE2nhHVUyJOxshisSSOtDmRLZUfJMa_xsNGkk2TxefeRL5MJgtLf56ni4.mp4?_nc_cat=100&_nc_sid=5e9851&_nc_ht=scontent-cgk2-2.cdninstagram.com&_nc_ohc=omw6CRV3AUoQ7kNvwGiRZXo&efg=eyJ2ZW5jb2RlX3RhZyI6Inhwdl9wcm9ncmVzc2l2ZS5JTlNUQUdSQU0uQ0xJUFMuQzMuNzIwLmRhc2hfYmFzZWxpbmVfMV92MSIsInhwdl9hc3NldF9pZCI6MTk4NTYzNzE2ODkwODYxNSwidmlfdXNlY2FzZV9pZCI6MTAwOTksImR1cmF0aW9uX3MiOjczLCJ1cmxnZW5fc291cmNlIjoid3d3In0%3D&ccb=17-1&vs=7455e4e03a036349&_nc_vs=HBksFQIYUmlnX3hwdl9yZWVsc19wZXJtYW5lbnRfc3JfcHJvZC80NTRGOTY2RTE0MjNGQTcyRDUzMTI3REJDQjM0NEJCRV92aWRlb19kYXNoaW5pdC5tcDQVAALIARIAFQIYOnBhc3N0aHJvdWdoX2V2ZXJzdG9yZS9HQ2dOMmg3c2ZjX3J4eUlGQU9icFEtaXE3V1ZGYnFfRUFBQUYVAgLIARIAKAAYABsCiAd1c2Vfb2lsATEScHJvZ3Jlc3NpdmVfcmVjaXBlATEVAAAmjqXY4aX7hgcVAigCQzMsF0BSRmZmZmZmGBJkYXNoX2Jhc2VsaW5lXzFfdjERAHX-B2XmnQEA&_nc_gid=qYsP2FaRh_-cHwqcm4QxDA&_nc_zt=28&oh=00_AfVxmW17NCvN6yQM0qNMQwA10ijEyTv5XG8-w-gSJecUFA&oe=689B8839, https://scontent-cgk2-2.cdninstagram.com/o1/v/t2/f2/m86/AQP8VhVKfBFuPBb-cSz5JkvwEhg7lN_SGeMMsCkJG51Y1zbE2nhHVUyJOxshisSSOtDmRLZUfJMa_xsNGkk2TxefeRL5MJgtLf56ni4.mp4?_nc_cat=100&_nc_sid=5e9851&_nc_ht=scontent-cgk2-2.cdninstagram.com&_nc_ohc=omw6CRV3AUoQ7kNvwGiRZXo&efg=eyJ2ZW5jb2RlX3RhZyI6Inhwdl9wcm9ncmVzc2l2ZS5JTlNUQUdSQU0uQ0xJUFMuQzMuNzIwLmRhc2hfYmFzZWxpbmVfMV92MSIsInhwdl9hc3NldF9pZCI6MTk4NTYzNzE2ODkwODYxNSwidmlfdXNlY2FzZV9pZCI6MTAwOTksImR1cmF0aW9uX3MiOjczLCJ1cmxnZW5fc291cmNlIjoid3d3In0%3D&ccb=17-1&vs=7455e4e03a036349&_nc_vs=HBksFQIYUmlnX3hwdl9yZWVsc19wZXJtYW5lbnRfc3JfcHJvZC80NTRGOTY2RTE0MjNGQTcyRDUzMTI3REJDQjM0NEJCRV92aWRlb19kYXNoaW5pdC5tcDQVAALIARIAFQIYOnBhc3N0aHJvdWdoX2V2ZXJzdG9yZS9HQ2dOMmg3c2ZjX3J4eUlGQU9icFEtaXE3V1ZGYnFfRUFBQUYVAgLIARIAKAAYABsCiAd1c2Vfb2lsATEScHJvZ3Jlc3NpdmVfcmVjaXBlATEVAAAmjqXY4aX7hgcVAigCQzMsF0BSRmZmZmZmGBJkYXNoX2Jhc2VsaW5lXzFfdjERAHX-B2XmnQEA&_nc_gid=qYsP2FaRh_-cHwqcm4QxDA&_nc_zt=28&oh=00_AfVxmW17NCvN6yQM0qNMQwA10ijEyTv5XG8-w-gSJecUFA&oe=689B8839"
688,Trust,tidak,CDN: URL kadaluarsa (403),"https://scontent-cgk1-2.cdninstagram.com/o1/v/t2/f2/m86/AQPymzMm3OM-7aeapoqFJJJSTFpzP42MtxSAP3mCqJABLDOSYqs-0L1wE6wzNO-rfDyIbgwRRfcqzSkp-8pUvp6F_xaSb7sFLT2J-Zg.mp4?_nc_cat=101&_nc_sid=5e9851&_nc_ht=scontent-cgk1-2.cdninstagram.com&_nc_ohc=jh8mgXkZcL4Q7kNvwFOBAs4&efg=eyJ2ZW5jb2RlX3RhZyI6Inhwdl9wcm9ncmVzc2l2ZS5JTlNUQUdSQU0uQ0xJUFMuQzMuNzIwLmRhc2hfYmFzZWxpbmVfMV92MSIsInhwdl9hc3NldF9pZCI6NzIxNzM2NDA3NDA5NDE0LCJ2aV91c2VjYXNlX2lkIjoxMDA5OSwiZHVyYXRpb25fcyI6MzUsInVybGdlbl9zb3VyY2UiOiJ3d3cifQ%3D%3D&ccb=17-1&vs=f5d368dbcbe9af79&_nc_vs=HBksFQIYUmlnX3hwdl9yZWVsc19wZXJtYW5lbnRfc3JfcHJvZC9GRjREMkIyQUZBMDQ5M0FGRjBBMzdERUQzRTE4NjI4RF92aWRlb19kYXNoaW5pdC5tcDQVAALIARIAFQIYOnBhc3N0aHJvdWdoX2V2ZXJzdG9yZS9HS2hGeGg3NFUxU2RnR0FPQU5BSVZuNWxmX0Z2YnFfRUFBQUYVAgLIARIAKAAYABsCiAd1c2Vfb2lsATEScHJvZ3Jlc3NpdmVfcmVjaXBlATEVAAAmjIz7osuayAIVAigCQzMsF0BBjMzMzMzNGBJkYXNoX2Jhc2VsaW5lXzFfdjERAHX-B2XmnQEA&_nc_gid=qYsP2FaRh_-cHwqcm4QxDA&_nc_zt=28&oh=00_AfVrn_BBEyV-fvO-zG2-sf4RGpvAYSrtk6OhEYWjcncrrw&oe=689B7546, https://scontent-cgk1-2.cdninstagram.com/o1/v/t2/f2/m86/AQPymzMm3OM-7aeapoqFJJJSTFpzP42MtxSAP3mCqJABLDOSYqs-0L1wE6wzNO-rfDyIbgwRRfcqzSkp-8pUvp6F_xaSb7sFLT2J-Zg.mp4?_nc_cat=101&_nc_sid=5e9851&_nc_ht=scontent-cgk1-2.cdninstagram.com&_nc_ohc=jh8mgXkZcL4Q7kNvwFOBAs4&efg=eyJ2ZW5jb2RlX3RhZyI6Inhwdl9wcm9ncmVzc2l2ZS5JTlNUQUdSQU0uQ0xJUFMuQzMuNzIwLmRhc2hfYmFzZWxpbmVfMV92MSIsInhwdl9hc3NldF9pZCI6NzIxNzM2NDA3NDA5NDE0LCJ2aV91c2VjYXNlX2lkIjoxMDA5OSwiZHVyYXRpb25fcyI6MzUsInVybGdlbl9zb3VyY2UiOiJ3d3cifQ%3D%3D&ccb=17-1&vs=f5d368dbcbe9af79&_nc_vs=HBksFQIYUmlnX3hwdl9yZWVsc19wZXJtYW5lbnRfc3JfcHJvZC9GRjREMkIyQUZBMDQ5M0FGRjBBMzdERUQzRTE4NjI4RF92aWRlb19kYXNoaW5pdC5tcDQVAALIARIAFQIYOnBhc3N0aHJvdWdoX2V2ZXJzdG9yZS9HS2hGeGg3NFUxU2RnR0FPQU5BSVZuNWxmX0Z2YnFfRUFBQUYVAgLIARIAKAAYABsCiAd1c2Vfb2lsATEScHJvZ3Jlc3NpdmVfcmVjaXBlATEVAAAmjIz7osuayAIVAigCQzMsF0BBjMzMzMzNGBJkYXNoX2Jhc2VsaW5lXzFfdjERAHX-B2XmnQEA&_nc_gid=qYsP2FaRh_-cHwqcm4QxDA&_nc_zt=28&oh=00_AfVrn_BBEyV-fvO-zG2-sf4RGpvAYSrtk6OhEYWjcncrrw&oe=689B7546, https://scontent-cgk1-2.cdninstagram.com/o1/v/t2/f2/m86/AQPymzMm3OM-7aeapoqFJJJSTFpzP42MtxSAP3mCqJABLDOSYqs-0L1wE6wzNO-rfDyIbgwRRfcqzSkp-8pUvp6F_xaSb7sFLT2J-Zg.mp4?_nc_cat=101&_nc_sid=5e9851&_nc_ht=scontent-cgk1-2.cdninstagram.com&_nc_ohc=jh8mgXkZcL4Q7kNvwFOBAs4&efg=eyJ2ZW5jb2RlX3RhZyI6Inhwdl9wcm9ncmVzc2l2ZS5JTlNUQUdSQU0uQ0xJUFMuQzMuNzIwLmRhc2hfYmFzZWxpbmVfMV92MSIsInhwdl9hc3NldF9pZCI6NzIxNzM2NDA3NDA5NDE0LCJ2aV91c2VjYXNlX2lkIjoxMDA5OSwiZHVyYXRpb25fcyI6MzUsInVybGdlbl9zb3VyY2UiOiJ3d3cifQ%3D%3D&ccb=17-1&vs=f5d368dbcbe9af79&_nc_vs=HBksFQIYUmlnX3hwdl9yZWVsc19wZXJtYW5lbnRfc3JfcHJvZC9GRjREMkIyQUZBMDQ5M0FGRjBBMzdERUQzRTE4NjI4RF92aWRlb19kYXNoaW5pdC5tcDQVAALIARIAFQIYOnBhc3N0aHJvdWdoX2V2ZXJzdG9yZS9HS2hGeGg3NFUxU2RnR0FPQU5BSVZuNWxmX0Z2YnFfRUFBQUYVAgLIARIAKAAYABsCiAd1c2Vfb2lsATEScHJvZ3Jlc3NpdmVfcmVjaXBlATEVAAAmjIz7osuayAIVAigCQzMsF0BBjMzMzMzNGBJkYXNoX2Jhc2VsaW5lXzFfdjERAHX-B2XmnQEA&_nc_gid=qYsP2FaRh_-cHwqcm4QxDA&_nc_zt=28&oh=00_AfVrn_BBEyV-fvO-zG2-sf4RGpvAYSrtk6OhEYWjcncrrw&oe=689B7546"
693,Trust,tidak,CDN: URL kadaluarsa (403),"https://instagram.fcgk8-2.fna.fbcdn.net/o1/v/t2/f2/m86/AQOZgWckfmX-OGO3X_LRpX3Vu9j1GHX9KRxYBiFgz7J4IAuxPByeaU8jaCJUQS2BffeimN5rzy4h-tTHruLcItf1qizO0Y5b72Mo2Rg.mp4?_nc_cat=107&_nc_oc=AdmGzRHT0VdcIVRdMWe-5UXlZQHU1ZAXbqkwUCCeXqAyLcIgKkMXeiBtj9PN200tRo1P70eF8nx7MSeVqgm2w6f_&_nc_sid=5e9851&_nc_ht=instagram.fcgk8-2.fna.fbcdn.net&_nc_ohc=WSBoGlqUMzQQ7kNvwGKD5bv&efg=eyJ2ZW5jb2RlX3RhZyI6Inhwdl9wcm9ncmVzc2l2ZS5JTlNUQUdSQU0uQ0xJUFMuQzMuNzIwLmRhc2hfYmFzZWxpbmVfMV92MSIsInhwdl9hc3NldF9pZCI6MTA3NDQ0NTU1NzU1MjUxNywidmlfdXNlY2FzZV9pZCI6MTAwOTksImR1cmF0aW9uX3MiOjQ5LCJ1cmxnZW5fc291cmNlIjoid3d3In0%3D&ccb=17-1&vs=4597cf38922f901c&_nc_vs=HBksFQIYUmlnX3hwdl9yZWVsc19wZXJtYW5lbnRfc3JfcHJvZC84QTQ3RDk0OUM5NDkwQkUzMkVEQ0RCQkMxQTdERjM5RF92aWRlb19kYXNoaW5pdC5tcDQVAALIARIAFQIYOnBhc3N0aHJvdWdoX2V2ZXJzdG9yZS9HR1FrQVItRjhydE5ELU1EQUctLV9teXBseFp5YnFfRUFBQUYVAgLIARIAKAAYABsCiAd1c2Vfb2lsATEScHJvZ3Jlc3NpdmVfcmVjaXBlATEVAAAmitbOnPvM6AMVAigCQzMsF0BI-6XjU_fPGBJkYXNoX2Jhc2VsaW5lXzFfdjERAHX-B2XmnQEA&_nc_zt=28&oh=00_AfVvgAyrtceWrIsubrFM59jgBISmsNaQ3zbBT82y7RIJUA&oe=689B3150, https://instagram.fcgk8-2.fna.fbcdn.net/o1/v/t2/f2/m86/AQOZgWckfmX-OGO3X_LRpX3Vu9j1GHX9KRxYBiFgz7J4IAuxPByeaU8jaCJUQS2BffeimN5rzy4h-tTHruLcItf1qizO0Y5b72Mo2Rg.mp4?_nc_cat=107&_nc_oc=AdmGzRHT0VdcIVRdMWe-5UXlZQHU1ZAXbqkwUCCeXqAyLcIgKkMXeiBtj9PN200tRo1P70eF8nx7MSeVqgm2w6f_&_nc_sid=5e9851&_nc_ht=instagram.fcgk8-2.fna.fbcdn.net&_nc_ohc=WSBoGlqUMzQQ7kNvwGKD5bv&efg=eyJ2ZW5jb2RlX3RhZyI6Inhwdl9wcm9ncmVzc2l2ZS5JTlNUQUdSQU0uQ0xJUFMuQzMuNzIwLmRhc2hfYmFzZWxpbmVfMV92MSIsInhwdl9hc3NldF9pZCI6MTA3NDQ0NTU1NzU1MjUxNywidmlfdXNlY2FzZV9pZCI6MTAwOTksImR1cmF0aW9uX3MiOjQ5LCJ1cmxnZW5fc291cmNlIjoid3d3In0%3D&ccb=17-1&vs=4597cf38922f901c&_nc_vs=HBksFQIYUmlnX3hwdl9yZWVsc19wZXJtYW5lbnRfc3JfcHJvZC84QTQ3RDk0OUM5NDkwQkUzMkVEQ0RCQkMxQTdERjM5RF92aWRlb19kYXNoaW5pdC5tcDQVAALIARIAFQIYOnBhc3N0aHJvdWdoX2V2ZXJzdG9yZS9HR1FrQVItRjhydE5ELU1EQUctLV9teXBseFp5YnFfRUFBQUYVAgLIARIAKAAYABsCiAd1c2Vfb2lsATEScHJvZ3Jlc3NpdmVfcmVjaXBlATEVAAAmitbOnPvM6AMVAigCQzMsF0BI-6XjU_fPGBJkYXNoX2Jhc2VsaW5lXzFfdjERAHX-B2XmnQEA&_nc_zt=28&oh=00_AfVvgAyrtceWrIsubrFM59jgBISmsNaQ3zbBT82y7RIJUA&oe=689B3150, https://instagram.fcgk8-2.fna.fbcdn.net/o1/v/t2/f2/m86/AQOZgWckfmX-OGO3X_LRpX3Vu9j1GHX9KRxYBiFgz7J4IAuxPByeaU8jaCJUQS2BffeimN5rzy4h-tTHruLcItf1qizO0Y5b72Mo2Rg.mp4?_nc_cat=107&_nc_oc=AdmGzRHT0VdcIVRdMWe-5UXlZQHU1ZAXbqkwUCCeXqAyLcIgKkMXeiBtj9PN200tRo1P70eF8nx7MSeVqgm2w6f_&_nc_sid=5e9851&_nc_ht=instagram.fcgk8-2.fna.fbcdn.net&_nc_ohc=WSBoGlqUMzQQ7kNvwGKD5bv&efg=eyJ2ZW5jb2RlX3RhZyI6Inhwdl9wcm9ncmVzc2l2ZS5JTlNUQUdSQU0uQ0xJUFMuQzMuNzIwLmRhc2hfYmFzZWxpbmVfMV92MSIsInhwdl9hc3NldF9pZCI6MTA3NDQ0NTU1NzU1MjUxNywidmlfdXNlY2FzZV9pZCI6MTAwOTksImR1cmF0aW9uX3MiOjQ5LCJ1cmxnZW5fc291cmNlIjoid3d3In0%3D&ccb=17-1&vs=4597cf38922f901c&_nc_vs=HBksFQIYUmlnX3hwdl9yZWVsc19wZXJtYW5lbnRfc3JfcHJvZC84QTQ3RDk0OUM5NDkwQkUzMkVEQ0RCQkMxQTdERjM5RF92aWRlb19kYXNoaW5pdC5tcDQVAALIARIAFQIYOnBhc3N0aHJvdWdoX2V2ZXJzdG9yZS9HR1FrQVItRjhydE5ELU1EQUctLV9teXBseFp5YnFfRUFBQUYVAgLIARIAKAAYABsCiAd1c2Vfb2lsATEScHJvZ3Jlc3NpdmVfcmVjaXBlATEVAAAmitbOnPvM6AMVAigCQzMsF0BI-6XjU_fPGBJkYXNoX2Jhc2VsaW5lXzFfdjERAHX-B2XmnQEA&_nc_zt=28&oh=00_AfVvgAyrtceWrIsubrFM59jgBISmsNaQ3zbBT82y7RIJUA&oe=689B3150"
694,Trust,tidak,CDN: URL kadaluarsa (403),"https://instagram.fcgk38-1.fna.fbcdn.net/o1/v/t2/f2/m86/AQN_zYx0y2arbT_hsqxzaVahpPYwzIiu2fb8Mn3wxx7e5ap5_iwRJwBdtPzy5CDXxDqslabGCXsv8lnHOMaFORBSKBO3drsnlfvi4mY.mp4?_nc_cat=103&_nc_oc=Adn07imuhlnEp9PT4pLBDcR79M6E-ake0kCHNoCDmUHxbkfTgxF9oH_X--cLaOxain4QpV6l6QuuBJ1EvoIuYgS8&_nc_sid=5e9851&_nc_ht=instagram.fcgk38-1.fna.fbcdn.net&_nc_ohc=3Buz1nY5I7AQ7kNvwF79gw-&efg=eyJ2ZW5jb2RlX3RhZyI6Inhwdl9wcm9ncmVzc2l2ZS5JTlNUQUdSQU0uQ0xJUFMuQzMuNzIwLmRhc2hfYmFzZWxpbmVfMV92MSIsInhwdl9hc3NldF9pZCI6MTk1ODQ0NDE2MTU3ODU1NCwidmlfdXNlY2FzZV9pZCI6MTAwOTksImR1cmF0aW9uX3MiOjM5LCJ1cmxnZW5fc291cmNlIjoid3d3In0%3D&ccb=17-1&vs=d67b066dcecfa0db&_nc_vs=HBksFQIYUmlnX3hwdl9yZWVsc19wZXJtYW5lbnRfc3JfcHJvZC8wNzQ4Nzc2QjEwODc5MEVEQTZFMjdCNkRFNjdGNzY5RV92aWRlb19kYXNoaW5pdC5tcDQVAALIARIAFQIYOnBhc3N0aHJvdWdoX2V2ZXJzdG9yZS9HTEx0OVI0UGlXQmdZT01FQVBWSEVROGhoNjViYnFfRUFBQUYVAgLIARIAKAAYABsCiAd1c2Vfb2lsATEScHJvZ3Jlc3NpdmVfcmVjaXBlATEVAAAm9NiBibrM-gYVAigCQzMsF0BDrtkWhysCGBJkYXNoX2Jhc2VsaW5lXzFfdjERAHX-B2XmnQEA&_nc_gid=Pp0OH6qhovJrRCwYgrIvEA&_nc_zt=28&oh=00_AfV6zOtn6qcTTWuGCxDNut2rrK7IdnUEBkIwn8wMMSFvbA&oe=689B4570, https://instagram.fcgk38-1.fna.fbcdn.net/o1/v/t2/f2/m86/AQN_zYx0y2arbT_hsqxzaVahpPYwzIiu2fb8Mn3wxx7e5ap5_iwRJwBdtPzy5CDXxDqslabGCXsv8lnHOMaFORBSKBO3drsnlfvi4mY.mp4?_nc_cat=103&_nc_oc=Adn07imuhlnEp9PT4pLBDcR79M6E-ake0kCHNoCDmUHxbkfTgxF9oH_X--cLaOxain4QpV6l6QuuBJ1EvoIuYgS8&_nc_sid=5e9851&_nc_ht=instagram.fcgk38-1.fna.fbcdn.net&_nc_ohc=3Buz1nY5I7AQ7kNvwF79gw-&efg=eyJ2ZW5jb2RlX3RhZyI6Inhwdl9wcm9ncmVzc2l2ZS5JTlNUQUdSQU0uQ0xJUFMuQzMuNzIwLmRhc2hfYmFzZWxpbmVfMV92MSIsInhwdl9hc3NldF9pZCI6MTk1ODQ0NDE2MTU3ODU1NCwidmlfdXNlY2FzZV9pZCI6MTAwOTksImR1cmF0aW9uX3MiOjM5LCJ1cmxnZW5fc291cmNlIjoid3d3In0%3D&ccb=17-1&vs=d67b066dcecfa0db&_nc_vs=HBksFQIYUmlnX3hwdl9yZWVsc19wZXJtYW5lbnRfc3JfcHJvZC8wNzQ4Nzc2QjEwODc5MEVEQTZFMjdCNkRFNjdGNzY5RV92aWRlb19kYXNoaW5pdC5tcDQVAALIARIAFQIYOnBhc3N0aHJvdWdoX2V2ZXJzdG9yZS9HTEx0OVI0UGlXQmdZT01FQVBWSEVROGhoNjViYnFfRUFBQUYVAgLIARIAKAAYABsCiAd1c2Vfb2lsATEScHJvZ3Jlc3NpdmVfcmVjaXBlATEVAAAm9NiBibrM-gYVAigCQzMsF0BDrtkWhysCGBJkYXNoX2Jhc2VsaW5lXzFfdjERAHX-B2XmnQEA&_nc_gid=Pp0OH6qhovJrRCwYgrIvEA&_nc_zt=28&oh=00_AfV6zOtn6qcTTWuGCxDNut2rrK7IdnUEBkIwn8wMMSFvbA&oe=689B4570, https://instagram.fcgk38-1.fna.fbcdn.net/o1/v/t2/f2/m86/AQN_zYx0y2arbT_hsqxzaVahpPYwzIiu2fb8Mn3wxx7e5ap5_iwRJwBdtPzy5CDXxDqslabGCXsv8lnHOMaFORBSKBO3drsnlfvi4mY.mp4?_nc_cat=103&_nc_oc=Adn07imuhlnEp9PT4pLBDcR79M6E-ake0kCHNoCDmUHxbkfTgxF9oH_X--cLaOxain4QpV6l6QuuBJ1EvoIuYgS8&_nc_sid=5e9851&_nc_ht=instagram.fcgk38-1.fna.fbcdn.net&_nc_ohc=3Buz1nY5I7AQ7kNvwF79gw-&efg=eyJ2ZW5jb2RlX3RhZyI6Inhwdl9wcm9ncmVzc2l2ZS5JTlNUQUdSQU0uQ0xJUFMuQzMuNzIwLmRhc2hfYmFzZWxpbmVfMV92MSIsInhwdl9hc3NldF9pZCI6MTk1ODQ0NDE2MTU3ODU1NCwidmlfdXNlY2FzZV9pZCI6MTAwOTksImR1cmF0aW9uX3MiOjM5LCJ1cmxnZW5fc291cmNlIjoid3d3In0%3D&ccb=17-1&vs=d67b066dcecfa0db&_nc_vs=HBksFQIYUmlnX3hwdl9yZWVsc19wZXJtYW5lbnRfc3JfcHJvZC8wNzQ4Nzc2QjEwODc5MEVEQTZFMjdCNkRFNjdGNzY5RV92aWRlb19kYXNoaW5pdC5tcDQVAALIARIAFQIYOnBhc3N0aHJvdWdoX2V2ZXJzdG9yZS9HTEx0OVI0UGlXQmdZT01FQVBWSEVROGhoNjViYnFfRUFBQUYVAgLIARIAKAAYABsCiAd1c2Vfb2lsATEScHJvZ3Jlc3NpdmVfcmVjaXBlATEVAAAm9NiBibrM-gYVAigCQzMsF0BDrtkWhysCGBJkYXNoX2Jhc2VsaW5lXzFfdjERAHX-B2XmnQEA&_nc_gid=Pp0OH6qhovJrRCwYgrIvEA&_nc_zt=28&oh=00_AfV6zOtn6qcTTWuGCxDNut2rrK7IdnUEBkIwn8wMMSFvbA&oe=689B4570"
696,Neutral,tidak,CDN: URL kadaluarsa (403),"https://scontent-cgk1-2.cdninstagram.com/o1/v/t2/f2/m86/AQPV5dMNbkAv9m-EnVv4L2xwEkyFQSXsUjdD7zkQdPplSxM36gjZs75hiT3Kb1lGQL4RAn-uug7ZF8AaOrd007RQKJHfggJQ3s37gvI.mp4?_nc_cat=107&_nc_sid=5e9851&_nc_ht=scontent-cgk1-2.cdninstagram.com&_nc_ohc=2Wn-ShnqLu8Q7kNvwFPEEaS&efg=eyJ2ZW5jb2RlX3RhZyI6Inhwdl9wcm9ncmVzc2l2ZS5JTlNUQUdSQU0uQ0xJUFMuQzMuNzIwLmRhc2hfYmFzZWxpbmVfMV92MSIsInhwdl9hc3NldF9pZCI6MTI2NjU3OTgwMTU1MDM5NywidmlfdXNlY2FzZV9pZCI6MTAwOTksImR1cmF0aW9uX3MiOjcyLCJ1cmxnZW5fc291cmNlIjoid3d3In0%3D&ccb=17-1&vs=5e44135ecac69cae&_nc_vs=HBksFQIYUmlnX3hwdl9yZWVsc19wZXJtYW5lbnRfc3JfcHJvZC8xMjRGOTE1MDYyOUE5RjBBQTYyMDIyQzhGMjZCOEE5Ql92aWRlb19kYXNoaW5pdC5tcDQVAALIARIAFQIYOnBhc3N0aHJvdWdoX2V2ZXJzdG9yZS9HSGFZQUItcG1zT1ZxcVlFQUFiM3pYV0pEWTFEYnFfRUFBQUYVAgLIARIAKAAYABsCiAd1c2Vfb2lsATEScHJvZ3Jlc3NpdmVfcmVjaXBlATEVAAAm-ri18tL8vwQVAigCQzMsF0BSOZmZmZmaGBJkYXNoX2Jhc2VsaW5lXzFfdjERAHX-B2XmnQEA&_nc_gid=QoP2YFvkXaG8vVTscQovtw&_nc_zt=28&oh=00_AfU2prxhAtYnoCSemXedmtJyw9j-wu9Y7e8uNocX175dQg&oe=689B66EC, https://scontent-cgk1-2.cdninstagram.com/o1/v/t2/f2/m86/AQPV5dMNbkAv9m-EnVv4L2xwEkyFQSXsUjdD7zkQdPplSxM36gjZs75hiT3Kb1lGQL4RAn-uug7ZF8AaOrd007RQKJHfggJQ3s37gvI.mp4?_nc_cat=107&_nc_sid=5e9851&_nc_ht=scontent-cgk1-2.cdninstagram.com&_nc_ohc=2Wn-ShnqLu8Q7kNvwFPEEaS&efg=eyJ2ZW5jb2RlX3RhZyI6Inhwdl9wcm9ncmVzc2l2ZS5JTlNUQUdSQU0uQ0xJUFMuQzMuNzIwLmRhc2hfYmFzZWxpbmVfMV92MSIsInhwdl9hc3NldF9pZCI6MTI2NjU3OTgwMTU1MDM5NywidmlfdXNlY2FzZV9pZCI6MTAwOTksImR1cmF0aW9uX3MiOjcyLCJ1cmxnZW5fc291cmNlIjoid3d3In0%3D&ccb=17-1&vs=5e44135ecac69cae&_nc_vs=HBksFQIYUmlnX3hwdl9yZWVsc19wZXJtYW5lbnRfc3JfcHJvZC8xMjRGOTE1MDYyOUE5RjBBQTYyMDIyQzhGMjZCOEE5Ql92aWRlb19kYXNoaW5pdC5tcDQVAALIARIAFQIYOnBhc3N0aHJvdWdoX2V2ZXJzdG9yZS9HSGFZQUItcG1zT1ZxcVlFQUFiM3pYV0pEWTFEYnFfRUFBQUYVAgLIARIAKAAYABsCiAd1c2Vfb2lsATEScHJvZ3Jlc3NpdmVfcmVjaXBlATEVAAAm-ri18tL8vwQVAigCQzMsF0BSOZmZmZmaGBJkYXNoX2Jhc2VsaW5lXzFfdjERAHX-B2XmnQEA&_nc_gid=QoP2YFvkXaG8vVTscQovtw&_nc_zt=28&oh=00_AfU2prxhAtYnoCSemXedmtJyw9j-wu9Y7e8uNocX175dQg&oe=689B66EC, https://scontent-cgk1-2.cdninstagram.com/o1/v/t2/f2/m86/AQPV5dMNbkAv9m-EnVv4L2xwEkyFQSXsUjdD7zkQdPplSxM36gjZs75hiT3Kb1lGQL4RAn-uug7ZF8AaOrd007RQKJHfggJQ3s37gvI.mp4?_nc_cat=107&_nc_sid=5e9851&_nc_ht=scontent-cgk1-2.cdninstagram.com&_nc_ohc=2Wn-ShnqLu8Q7kNvwFPEEaS&efg=eyJ2ZW5jb2RlX3RhZyI6Inhwdl9wcm9ncmVzc2l2ZS5JTlNUQUdSQU0uQ0xJUFMuQzMuNzIwLmRhc2hfYmFzZWxpbmVfMV92MSIsInhwdl9hc3NldF9pZCI6MTI2NjU3OTgwMTU1MDM5NywidmlfdXNlY2FzZV9pZCI6MTAwOTksImR1cmF0aW9uX3MiOjcyLCJ1cmxnZW5fc291cmNlIjoid3d3In0%3D&ccb=17-1&vs=5e44135ecac69cae&_nc_vs=HBksFQIYUmlnX3hwdl9yZWVsc19wZXJtYW5lbnRfc3JfcHJvZC8xMjRGOTE1MDYyOUE5RjBBQTYyMDIyQzhGMjZCOEE5Ql92aWRlb19kYXNoaW5pdC5tcDQVAALIARIAFQIYOnBhc3N0aHJvdWdoX2V2ZXJzdG9yZS9HSGFZQUItcG1zT1ZxcVlFQUFiM3pYV0pEWTFEYnFfRUFBQUYVAgLIARIAKAAYABsCiAd1c2Vfb2lsATEScHJvZ3Jlc3NpdmVfcmVjaXBlATEVAAAm-ri18tL8vwQVAigCQzMsF0BSOZmZmZmaGBJkYXNoX2Jhc2VsaW5lXzFfdjERAHX-B2XmnQEA&_nc_gid=QoP2YFvkXaG8vVTscQovtw&_nc_zt=28&oh=00_AfU2prxhAtYnoCSemXedmtJyw9j-wu9Y7e8uNocX175dQg&oe=689B66EC"
697,Proud,tidak,CDN: URL kadaluarsa (403),"https://scontent-cgk1-2.cdninstagram.com/o1/v/t2/f2/m86/AQPdt4D2fp_E7nreYRnyRjCFTHe2dk1SOwzsIjXL2V5jEDwmAXCaEVtMZcFS5GTnYn7wNE7sKnoCFVf7W3z32Xj_mYgqobjhcB4Erp8.mp4?_nc_cat=101&_nc_sid=5e9851&_nc_ht=scontent-cgk1-2.cdninstagram.com&_nc_ohc=Z9t0o4nbpgoQ7kNvwGFQr1I&efg=eyJ2ZW5jb2RlX3RhZyI6Inhwdl9wcm9ncmVzc2l2ZS5JTlNUQUdSQU0uQ0xJUFMuQzMuNzIwLmRhc2hfYmFzZWxpbmVfMV92MSIsInhwdl9hc3NldF9pZCI6MTg3NjA2NzMyNjQ1ODczMSwidmlfdXNlY2FzZV9pZCI6MTAwOTksImR1cmF0aW9uX3MiOjI5LCJ1cmxnZW5fc291cmNlIjoid3d3In0%3D&ccb=17-1&vs=2a630c17682e472&_nc_vs=HBksFQIYUmlnX3hwdl9yZWVsc19wZXJtYW5lbnRfc3JfcHJvZC9CRTQwNzVGMDE5RTAxRDhDM0FDRDVENTI3NTdDRkI5QV92aWRlb19kYXNoaW5pdC5tcDQVAALIARIAFQIYOnBhc3N0aHJvdWdoX2V2ZXJzdG9yZS9HT090TEI0azlJSHdnbDBFQUh4eUV2cXNSOG9oYnFfRUFBQUYVAgLIARIAKAAYABsCiAd1c2Vfb2lsATEScHJvZ3Jlc3NpdmVfcmVjaXBlATEVAAAm1u2L6b6R1QYVAigCQzMsF0A990vGp--eGBJkYXNoX2Jhc2VsaW5lXzFfdjERAHX-B2XmnQEA&_nc_zt=28&oh=00_AfV9aIK3kUYK6jXbV_mk81PV6n8hix1BHYan3DEmUHb1sA&oe=689B8F92, https://scontent-cgk1-2.cdninstagram.com/o1/v/t2/f2/m86/AQPdt4D2fp_E7nreYRnyRjCFTHe2dk1SOwzsIjXL2V5jEDwmAXCaEVtMZcFS5GTnYn7wNE7sKnoCFVf7W3z32Xj_mYgqobjhcB4Erp8.mp4?_nc_cat=101&_nc_sid=5e9851&_nc_ht=scontent-cgk1-2.cdninstagram.com&_nc_ohc=Z9t0o4nbpgoQ7kNvwGFQr1I&efg=eyJ2ZW5jb2RlX3RhZyI6Inhwdl9wcm9ncmVzc2l2ZS5JTlNUQUdSQU0uQ0xJUFMuQzMuNzIwLmRhc2hfYmFzZWxpbmVfMV92MSIsInhwdl9hc3NldF9pZCI6MTg3NjA2NzMyNjQ1ODczMSwidmlfdXNlY2FzZV9pZCI6MTAwOTksImR1cmF0aW9uX3MiOjI5LCJ1cmxnZW5fc291cmNlIjoid3d3In0%3D&ccb=17-1&vs=2a630c17682e472&_nc_vs=HBksFQIYUmlnX3hwdl9yZWVsc19wZXJtYW5lbnRfc3JfcHJvZC9CRTQwNzVGMDE5RTAxRDhDM0FDRDVENTI3NTdDRkI5QV92aWRlb19kYXNoaW5pdC5tcDQVAALIARIAFQIYOnBhc3N0aHJvdWdoX2V2ZXJzdG9yZS9HT090TEI0azlJSHdnbDBFQUh4eUV2cXNSOG9oYnFfRUFBQUYVAgLIARIAKAAYABsCiAd1c2Vfb2lsATEScHJvZ3Jlc3NpdmVfcmVjaXBlATEVAAAm1u2L6b6R1QYVAigCQzMsF0A990vGp--eGBJkYXNoX2Jhc2VsaW5lXzFfdjERAHX-B2XmnQEA&_nc_zt=28&oh=00_AfV9aIK3kUYK6jXbV_mk81PV6n8hix1BHYan3DEmUHb1sA&oe=689B8F92, https://scontent-cgk1-2.cdninstagram.com/o1/v/t2/f2/m86/AQPdt4D2fp_E7nreYRnyRjCFTHe2dk1SOwzsIjXL2V5jEDwmAXCaEVtMZcFS5GTnYn7wNE7sKnoCFVf7W3z32Xj_mYgqobjhcB4Erp8.mp4?_nc_cat=101&_nc_sid=5e9851&_nc_ht=scontent-cgk1-2.cdninstagram.com&_nc_ohc=Z9t0o4nbpgoQ7kNvwGFQr1I&efg=eyJ2ZW5jb2RlX3RhZyI6Inhwdl9wcm9ncmVzc2l2ZS5JTlNUQUdSQU0uQ0xJUFMuQzMuNzIwLmRhc2hfYmFzZWxpbmVfMV92MSIsInhwdl9hc3NldF9pZCI6MTg3NjA2NzMyNjQ1ODczMSwidmlfdXNlY2FzZV9pZCI6MTAwOTksImR1cmF0aW9uX3MiOjI5LCJ1cmxnZW5fc291cmNlIjoid3d3In0%3D&ccb=17-1&vs=2a630c17682e472&_nc_vs=HBksFQIYUmlnX3hwdl9yZWVsc19wZXJtYW5lbnRfc3JfcHJvZC9CRTQwNzVGMDE5RTAxRDhDM0FDRDVENTI3NTdDRkI5QV92aWRlb19kYXNoaW5pdC5tcDQVAALIARIAFQIYOnBhc3N0aHJvdWdoX2V2ZXJzdG9yZS9HT090TEI0azlJSHdnbDBFQUh4eUV2cXNSOG9oYnFfRUFBQUYVAgLIARIAKAAYABsCiAd1c2Vfb2lsATEScHJvZ3Jlc3NpdmVfcmVjaXBlATEVAAAm1u2L6b6R1QYVAigCQzMsF0A990vGp--eGBJkYXNoX2Jhc2VsaW5lXzFfdjERAHX-B2XmnQEA&_nc_zt=28&oh=00_AfV9aIK3kUYK6jXbV_mk81PV6n8hix1BHYan3DEmUHb1sA&oe=689B8F92"
699,Surprise,tidak,CDN: URL kadaluarsa (403),"https://scontent-cgk2-1.cdninstagram.com/o1/v/t2/f2/m86/AQP85DO6M-2PwEny71wgzk7aa7nAm_NWrtpvC8Lw0tVhPlc-jtwI2rYBDbLLfge38rRgKXaGGgCKLPP-_p73rEWtalqN5BcsOov0jRI.mp4?_nc_cat=106&_nc_sid=5e9851&_nc_ht=scontent-cgk2-1.cdninstagram.com&_nc_ohc=Fiu9pvigtA4Q7kNvwFhcHH-&efg=eyJ2ZW5jb2RlX3RhZyI6Inhwdl9wcm9ncmVzc2l2ZS5JTlNUQUdSQU0uQ0xJUFMuQzMuNzIwLmRhc2hfYmFzZWxpbmVfMV92MSIsInhwdl9hc3NldF9pZCI6MjE2NTk4ODY0MTQ2OTg2NSwidmlfdXNlY2FzZV9pZCI6MTAwOTksImR1cmF0aW9uX3MiOjM0LCJ1cmxnZW5fc291cmNlIjoid3d3In0%3D&ccb=17-1&vs=8e8dd26e29416dac&_nc_vs=HBksFQIYUmlnX3hwdl9yZWVsc19wZXJtYW5lbnRfc3JfcHJvZC80NDQwMjRCQ0I3RkZCMjZERUVGNDM1N0YxOURFOTA4M192aWRlb19kYXNoaW5pdC5tcDQVAALIARIAFQIYOnBhc3N0aHJvdWdoX2V2ZXJzdG9yZS9HSFVhQngtalB0c1JjV2tqQUFLMWtQSkYyaFJoYnFfRUFBQUYVAgLIARIAKAAYABsCiAd1c2Vfb2lsATEScHJvZ3Jlc3NpdmVfcmVjaXBlATEVAAAm0tb_-JD92AcVAigCQzMsF0BBMzMzMzMzGBJkYXNoX2Jhc2VsaW5lXzFfdjERAHX-B2XmnQEA&_nc_zt=28&oh=00_AfVOR68Em2oO5q-L7dLiOltIZu1YMM04L45C-FczP4I1vQ&oe=689B805F, https://scontent-cgk2-1.cdninstagram.com/o1/v/t2/f2/m86/AQP85DO6M-2PwEny71wgzk7aa7nAm_NWrtpvC8Lw0tVhPlc-jtwI2rYBDbLLfge38rRgKXaGGgCKLPP-_p73rEWtalqN5BcsOov0jRI.mp4?_nc_cat=106&_nc_sid=5e9851&_nc_ht=scontent-cgk2-1.cdninstagram.com&_nc_ohc=Fiu9pvigtA4Q7kNvwFhcHH-&efg=eyJ2ZW5jb2RlX3RhZyI6Inhwdl9wcm9ncmVzc2l2ZS5JTlNUQUdSQU0uQ0xJUFMuQzMuNzIwLmRhc2hfYmFzZWxpbmVfMV92MSIsInhwdl9hc3NldF9pZCI6MjE2NTk4ODY0MTQ2OTg2NSwidmlfdXNlY2FzZV9pZCI6MTAwOTksImR1cmF0aW9uX3MiOjM0LCJ1cmxnZW5fc291cmNlIjoid3d3In0%3D&ccb=17-1&vs=8e8dd26e29416dac&_nc_vs=HBksFQIYUmlnX3hwdl9yZWVsc19wZXJtYW5lbnRfc3JfcHJvZC80NDQwMjRCQ0I3RkZCMjZERUVGNDM1N0YxOURFOTA4M192aWRlb19kYXNoaW5pdC5tcDQVAALIARIAFQIYOnBhc3N0aHJvdWdoX2V2ZXJzdG9yZS9HSFVhQngtalB0c1JjV2tqQUFLMWtQSkYyaFJoYnFfRUFBQUYVAgLIARIAKAAYABsCiAd1c2Vfb2lsATEScHJvZ3Jlc3NpdmVfcmVjaXBlATEVAAAm0tb_-JD92AcVAigCQzMsF0BBMzMzMzMzGBJkYXNoX2Jhc2VsaW5lXzFfdjERAHX-B2XmnQEA&_nc_zt=28&oh=00_AfVOR68Em2oO5q-L7dLiOltIZu1YMM04L45C-FczP4I1vQ&oe=689B805F, https://scontent-cgk2-1.cdninstagram.com/o1/v/t2/f2/m86/AQP85DO6M-2PwEny71wgzk7aa7nAm_NWrtpvC8Lw0tVhPlc-jtwI2rYBDbLLfge38rRgKXaGGgCKLPP-_p73rEWtalqN5BcsOov0jRI.mp4?_nc_cat=106&_nc_sid=5e9851&_nc_ht=scontent-cgk2-1.cdninstagram.com&_nc_ohc=Fiu9pvigtA4Q7kNvwFhcHH-&efg=eyJ2ZW5jb2RlX3RhZyI6Inhwdl9wcm9ncmVzc2l2ZS5JTlNUQUdSQU0uQ0xJUFMuQzMuNzIwLmRhc2hfYmFzZWxpbmVfMV92MSIsInhwdl9hc3NldF9pZCI6MjE2NTk4ODY0MTQ2OTg2NSwidmlfdXNlY2FzZV9pZCI6MTAwOTksImR1cmF0aW9uX3MiOjM0LCJ1cmxnZW5fc291cmNlIjoid3d3In0%3D&ccb=17-1&vs=8e8dd26e29416dac&_nc_vs=HBksFQIYUmlnX3hwdl9yZWVsc19wZXJtYW5lbnRfc3JfcHJvZC80NDQwMjRCQ0I3RkZCMjZERUVGNDM1N0YxOURFOTA4M192aWRlb19kYXNoaW5pdC5tcDQVAALIARIAFQIYOnBhc3N0aHJvdWdoX2V2ZXJzdG9yZS9HSFVhQngtalB0c1JjV2tqQUFLMWtQSkYyaFJoYnFfRUFBQUYVAgLIARIAKAAYABsCiAd1c2Vfb2lsATEScHJvZ3Jlc3NpdmVfcmVjaXBlATEVAAAm0tb_-JD92AcVAigCQzMsF0BBMzMzMzMzGBJkYXNoX2Jhc2VsaW5lXzFfdjERAHX-B2XmnQEA&_nc_zt=28&oh=00_AfVOR68Em2oO5q-L7dLiOltIZu1YMM04L45C-FczP4I1vQ&oe=689B805F"
700,Surprise,tidak,CDN: URL kadaluarsa (403),"https://scontent-cgk2-1.cdninstagram.com/o1/v/t2/f2/m86/AQNhI8KXVY3aOjmylPu5-5yFQi3JSRB8zZppZdPWPXgk2Lcpl4WMYPV2I0XFVc0Sie78IJ66njQtesUzw1AxB9EDExNoIlZkXIVbg9M.mp4?_nc_cat=102&_nc_sid=5e9851&_nc_ht=scontent-cgk2-1.cdninstagram.com&_nc_ohc=6jiWtJP0bo4Q7kNvwG9g4gf&efg=eyJ2ZW5jb2RlX3RhZyI6Inhwdl9wcm9ncmVzc2l2ZS5JTlNUQUdSQU0uQ0xJUFMuQzMuNzIwLmRhc2hfYmFzZWxpbmVfMV92MSIsInhwdl9hc3NldF9pZCI6Nzc2OTI0NTY4MTQwNjAzLCJ2aV91c2VjYXNlX2lkIjoxMDA5OSwiZHVyYXRpb25fcyI6NDksInVybGdlbl9zb3VyY2UiOiJ3d3cifQ%3D%3D&ccb=17-1&vs=e329526d1351f4f1&_nc_vs=HBksFQIYUmlnX3hwdl9yZWVsc19wZXJtYW5lbnRfc3JfcHJvZC9CMjRDQUUxODM5NTlEMTk4ODExOTRFMzkxMjMxMDc4OF92aWRlb19kYXNoaW5pdC5tcDQVAALIARIAFQIYOnBhc3N0aHJvdWdoX2V2ZXJzdG9yZS9HQzFSSFI5RWJ3ZS1oTm9DQUJ3UkRwdlBWZ05mYnFfRUFBQUYVAgLIARIAKAAYABsCiAd1c2Vfb2lsATEScHJvZ3Jlc3NpdmVfcmVjaXBlATEVAAAm9uy1jvum4QIVAigCQzMsF0BI-6XjU_fPGBJkYXNoX2Jhc2VsaW5lXzFfdjERAHX-B2XmnQEA&_nc_zt=28&oh=00_AfVdsKj8XElMNIfrsdLZS9UU6xE7UNQYng3a6Fiv5Jhq8A&oe=689B7DBB, https://scontent-cgk2-1.cdninstagram.com/o1/v/t2/f2/m86/AQNhI8KXVY3aOjmylPu5-5yFQi3JSRB8zZppZdPWPXgk2Lcpl4WMYPV2I0XFVc0Sie78IJ66njQtesUzw1AxB9EDExNoIlZkXIVbg9M.mp4?_nc_cat=102&_nc_sid=5e9851&_nc_ht=scontent-cgk2-1.cdninstagram.com&_nc_ohc=6jiWtJP0bo4Q7kNvwG9g4gf&efg=eyJ2ZW5jb2RlX3RhZyI6Inhwdl9wcm9ncmVzc2l2ZS5JTlNUQUdSQU0uQ0xJUFMuQzMuNzIwLmRhc2hfYmFzZWxpbmVfMV92MSIsInhwdl9hc3NldF9pZCI6Nzc2OTI0NTY4MTQwNjAzLCJ2aV91c2VjYXNlX2lkIjoxMDA5OSwiZHVyYXRpb25fcyI6NDksInVybGdlbl9zb3VyY2UiOiJ3d3cifQ%3D%3D&ccb=17-1&vs=e329526d1351f4f1&_nc_vs=HBksFQIYUmlnX3hwdl9yZWVsc19wZXJtYW5lbnRfc3JfcHJvZC9CMjRDQUUxODM5NTlEMTk4ODExOTRFMzkxMjMxMDc4OF92aWRlb19kYXNoaW5pdC5tcDQVAALIARIAFQIYOnBhc3N0aHJvdWdoX2V2ZXJzdG9yZS9HQzFSSFI5RWJ3ZS1oTm9DQUJ3UkRwdlBWZ05mYnFfRUFBQUYVAgLIARIAKAAYABsCiAd1c2Vfb2lsATEScHJvZ3Jlc3NpdmVfcmVjaXBlATEVAAAm9uy1jvum4QIVAigCQzMsF0BI-6XjU_fPGBJkYXNoX2Jhc2VsaW5lXzFfdjERAHX-B2XmnQEA&_nc_zt=28&oh=00_AfVdsKj8XElMNIfrsdLZS9UU6xE7UNQYng3a6Fiv5Jhq8A&oe=689B7DBB, https://scontent-cgk2-1.cdninstagram.com/o1/v/t2/f2/m86/AQNhI8KXVY3aOjmylPu5-5yFQi3JSRB8zZppZdPWPXgk2Lcpl4WMYPV2I0XFVc0Sie78IJ66njQtesUzw1AxB9EDExNoIlZkXIVbg9M.mp4?_nc_cat=102&_nc_sid=5e9851&_nc_ht=scontent-cgk2-1.cdninstagram.com&_nc_ohc=6jiWtJP0bo4Q7kNvwG9g4gf&efg=eyJ2ZW5jb2RlX3RhZyI6Inhwdl9wcm9ncmVzc2l2ZS5JTlNUQUdSQU0uQ0xJUFMuQzMuNzIwLmRhc2hfYmFzZWxpbmVfMV92MSIsInhwdl9hc3NldF9pZCI6Nzc2OTI0NTY4MTQwNjAzLCJ2aV91c2VjYXNlX2lkIjoxMDA5OSwiZHVyYXRpb25fcyI6NDksInVybGdlbl9zb3VyY2UiOiJ3d3cifQ%3D%3D&ccb=17-1&vs=e329526d1351f4f1&_nc_vs=HBksFQIYUmlnX3hwdl9yZWVsc19wZXJtYW5lbnRfc3JfcHJvZC9CMjRDQUUxODM5NTlEMTk4ODExOTRFMzkxMjMxMDc4OF92aWRlb19kYXNoaW5pdC5tcDQVAALIARIAFQIYOnBhc3N0aHJvdWdoX2V2ZXJzdG9yZS9HQzFSSFI5RWJ3ZS1oTm9DQUJ3UkRwdlBWZ05mYnFfRUFBQUYVAgLIARIAKAAYABsCiAd1c2Vfb2lsATEScHJvZ3Jlc3NpdmVfcmVjaXBlATEVAAAm9uy1jvum4QIVAigCQzMsF0BI-6XjU_fPGBJkYXNoX2Jhc2VsaW5lXzFfdjERAHX-B2XmnQEA&_nc_zt=28&oh=00_AfVdsKj8XElMNIfrsdLZS9UU6xE7UNQYng3a6Fiv5Jhq8A&oe=689B7DBB"
701,Surprise,tidak,CDN: URL kadaluarsa (403),"https://scontent-cgk2-1.cdninstagram.com/o1/v/t2/f2/m86/AQOZXul2FwMQZ1sV3fqnmmjMOg0BtZARLarKu4O2BVjg_n4YjJZZhsSJzVHBU1GAIfOIH7VJl-cl8OECgIARHF3eh04inmxpumcE8_Q.mp4?_nc_cat=104&_nc_sid=5e9851&_nc_ht=scontent-cgk2-1.cdninstagram.com&_nc_ohc=rrCa5FAq9xgQ7kNvwE29FIH&efg=eyJ2ZW5jb2RlX3RhZyI6Inhwdl9wcm9ncmVzc2l2ZS5JTlNUQUdSQU0uQ0xJUFMuQzMuNzIwLmRhc2hfYmFzZWxpbmVfMV92MSIsInhwdl9hc3NldF9pZCI6MTIzNzIzMTIwMTA1MTIzMSwidmlfdXNlY2FzZV9pZCI6MTAwOTksImR1cmF0aW9uX3MiOjkxLCJ1cmxnZW5fc291cmNlIjoid3d3In0%3D&ccb=17-1&vs=139b04864a13969e&_nc_vs=HBksFQIYUmlnX3hwdl9yZWVsc19wZXJtYW5lbnRfc3JfcHJvZC81RjQ5N0JENDYxQjQ3RTg1NkQ2OUZDNDhDRDNGOTA5Rl92aWRlb19kYXNoaW5pdC5tcDQVAALIARIAFQIYOnBhc3N0aHJvdWdoX2V2ZXJzdG9yZS9HRERRSEItVlhSRnFPSElFQUd2WFF2TGhYRHRZYnFfRUFBQUYVAgLIARIAKAAYABsCiAd1c2Vfb2lsATEScHJvZ3Jlc3NpdmVfcmVjaXBlATEVAAAmvonz46rQsgQVAigCQzMsF0BW-7ZFocrBGBJkYXNoX2Jhc2VsaW5lXzFfdjERAHX-B2XmnQEA&_nc_zt=28&oh=00_AfWF-NN3K-PIEhlhlIiGAuOtroH_cSYlZ2ciKk4V8CKAdA&oe=689B882D, https://scontent-cgk2-1.cdninstagram.com/o1/v/t2/f2/m86/AQOZXul2FwMQZ1sV3fqnmmjMOg0BtZARLarKu4O2BVjg_n4YjJZZhsSJzVHBU1GAIfOIH7VJl-cl8OECgIARHF3eh04inmxpumcE8_Q.mp4?_nc_cat=104&_nc_sid=5e9851&_nc_ht=scontent-cgk2-1.cdninstagram.com&_nc_ohc=rrCa5FAq9xgQ7kNvwE29FIH&efg=eyJ2ZW5jb2RlX3RhZyI6Inhwdl9wcm9ncmVzc2l2ZS5JTlNUQUdSQU0uQ0xJUFMuQzMuNzIwLmRhc2hfYmFzZWxpbmVfMV92MSIsInhwdl9hc3NldF9pZCI6MTIzNzIzMTIwMTA1MTIzMSwidmlfdXNlY2FzZV9pZCI6MTAwOTksImR1cmF0aW9uX3MiOjkxLCJ1cmxnZW5fc291cmNlIjoid3d3In0%3D&ccb=17-1&vs=139b04864a13969e&_nc_vs=HBksFQIYUmlnX3hwdl9yZWVsc19wZXJtYW5lbnRfc3JfcHJvZC81RjQ5N0JENDYxQjQ3RTg1NkQ2OUZDNDhDRDNGOTA5Rl92aWRlb19kYXNoaW5pdC5tcDQVAALIARIAFQIYOnBhc3N0aHJvdWdoX2V2ZXJzdG9yZS9HRERRSEItVlhSRnFPSElFQUd2WFF2TGhYRHRZYnFfRUFBQUYVAgLIARIAKAAYABsCiAd1c2Vfb2lsATEScHJvZ3Jlc3NpdmVfcmVjaXBlATEVAAAmvonz46rQsgQVAigCQzMsF0BW-7ZFocrBGBJkYXNoX2Jhc2VsaW5lXzFfdjERAHX-B2XmnQEA&_nc_zt=28&oh=00_AfWF-NN3K-PIEhlhlIiGAuOtroH_cSYlZ2ciKk4V8CKAdA&oe=689B882D, https://scontent-cgk2-1.cdninstagram.com/o1/v/t2/f2/m86/AQOZXul2FwMQZ1sV3fqnmmjMOg0BtZARLarKu4O2BVjg_n4YjJZZhsSJzVHBU1GAIfOIH7VJl-cl8OECgIARHF3eh04inmxpumcE8_Q.mp4?_nc_cat=104&_nc_sid=5e9851&_nc_ht=scontent-cgk2-1.cdninstagram.com&_nc_ohc=rrCa5FAq9xgQ7kNvwE29FIH&efg=eyJ2ZW5jb2RlX3RhZyI6Inhwdl9wcm9ncmVzc2l2ZS5JTlNUQUdSQU0uQ0xJUFMuQzMuNzIwLmRhc2hfYmFzZWxpbmVfMV92MSIsInhwdl9hc3NldF9pZCI6MTIzNzIzMTIwMTA1MTIzMSwidmlfdXNlY2FzZV9pZCI6MTAwOTksImR1cmF0aW9uX3MiOjkxLCJ1cmxnZW5fc291cmNlIjoid3d3In0%3D&ccb=17-1&vs=139b04864a13969e&_nc_vs=HBksFQIYUmlnX3hwdl9yZWVsc19wZXJtYW5lbnRfc3JfcHJvZC81RjQ5N0JENDYxQjQ3RTg1NkQ2OUZDNDhDRDNGOTA5Rl92aWRlb19kYXNoaW5pdC5tcDQVAALIARIAFQIYOnBhc3N0aHJvdWdoX2V2ZXJzdG9yZS9HRERRSEItVlhSRnFPSElFQUd2WFF2TGhYRHRZYnFfRUFBQUYVAgLIARIAKAAYABsCiAd1c2Vfb2lsATEScHJvZ3Jlc3NpdmVfcmVjaXBlATEVAAAmvonz46rQsgQVAigCQzMsF0BW-7ZFocrBGBJkYXNoX2Jhc2VsaW5lXzFfdjERAHX-B2XmnQEA&_nc_zt=28&oh=00_AfWF-NN3K-PIEhlhlIiGAuOtroH_cSYlZ2ciKk4V8CKAdA&oe=689B882D"
702,Surprise,tidak,CDN: URL kadaluarsa (403),"https://instagram.fcgk8-2.fna.fbcdn.net/o1/v/t2/f2/m86/AQMI886BIHVBMhhPDvirBQlzCiKsliGsA9nKUV60F_T_aWdUGmNnEdUOMdq3hmqvj29nVDr1fqkXGwMuGwOn_-dffXMwFcqBjDAqdc8.mp4?_nc_cat=102&_nc_oc=AdmmAnrp98Hmo-4SXvY87_6PA5Ab8j1kpNloEtZAQ68j9WjCHoxkU8ve6c3kbhG-hN5bCFuMSrFLdXo4xKMaaGTS&_nc_sid=5e9851&_nc_ht=instagram.fcgk8-2.fna.fbcdn.net&_nc_ohc=p-x_zZdT3D8Q7kNvwFkUSx-&efg=eyJ2ZW5jb2RlX3RhZyI6Inhwdl9wcm9ncmVzc2l2ZS5JTlNUQUdSQU0uQ0xJUFMuQzMuNzIwLmRhc2hfYmFzZWxpbmVfMV92MSIsInhwdl9hc3NldF9pZCI6MTY3NDYxNTU5NjU5MTMyOCwidmlfdXNlY2FzZV9pZCI6MTAwOTksImR1cmF0aW9uX3MiOjQwLCJ1cmxnZW5fc291cmNlIjoid3d3In0%3D&ccb=17-1&vs=afd479faa7307282&_nc_vs=HBksFQIYUmlnX3hwdl9yZWVsc19wZXJtYW5lbnRfc3JfcHJvZC85MDRBNzUxMTRFMDBBRjE4QTk0RkFFRUI3NjAzMzdCN192aWRlb19kYXNoaW5pdC5tcDQVAALIARIAFQIYOnBhc3N0aHJvdWdoX2V2ZXJzdG9yZS9HT09fQnhfMGJwZlU3VGNDQUNlS3JwTHc0UHhSYnFfRUFBQUYVAgLIARIAKAAYABsCiAd1c2Vfb2lsATEScHJvZ3Jlc3NpdmVfcmVjaXBlATEVAAAmwKOpvLrD-QUVAigCQzMsF0BEMzMzMzMzGBJkYXNoX2Jhc2VsaW5lXzFfdjERAHX-B2XmnQEA&_nc_gid=AnP7aqARxLrSGJVtPz8Mpw&_nc_zt=28&oh=00_AfUx6rRa2JfjvjGK39DuvZcwc_UIGVTA1jQsEX8JFo7l8A&oe=689B4CDB, https://instagram.fcgk8-2.fna.fbcdn.net/o1/v/t2/f2/m86/AQMI886BIHVBMhhPDvirBQlzCiKsliGsA9nKUV60F_T_aWdUGmNnEdUOMdq3hmqvj29nVDr1fqkXGwMuGwOn_-dffXMwFcqBjDAqdc8.mp4?_nc_cat=102&_nc_oc=AdmmAnrp98Hmo-4SXvY87_6PA5Ab8j1kpNloEtZAQ68j9WjCHoxkU8ve6c3kbhG-hN5bCFuMSrFLdXo4xKMaaGTS&_nc_sid=5e9851&_nc_ht=instagram.fcgk8-2.fna.fbcdn.net&_nc_ohc=p-x_zZdT3D8Q7kNvwFkUSx-&efg=eyJ2ZW5jb2RlX3RhZyI6Inhwdl9wcm9ncmVzc2l2ZS5JTlNUQUdSQU0uQ0xJUFMuQzMuNzIwLmRhc2hfYmFzZWxpbmVfMV92MSIsInhwdl9hc3NldF9pZCI6MTY3NDYxNTU5NjU5MTMyOCwidmlfdXNlY2FzZV9pZCI6MTAwOTksImR1cmF0aW9uX3MiOjQwLCJ1cmxnZW5fc291cmNlIjoid3d3In0%3D&ccb=17-1&vs=afd479faa7307282&_nc_vs=HBksFQIYUmlnX3hwdl9yZWVsc19wZXJtYW5lbnRfc3JfcHJvZC85MDRBNzUxMTRFMDBBRjE4QTk0RkFFRUI3NjAzMzdCN192aWRlb19kYXNoaW5pdC5tcDQVAALIARIAFQIYOnBhc3N0aHJvdWdoX2V2ZXJzdG9yZS9HT09fQnhfMGJwZlU3VGNDQUNlS3JwTHc0UHhSYnFfRUFBQUYVAgLIARIAKAAYABsCiAd1c2Vfb2lsATEScHJvZ3Jlc3NpdmVfcmVjaXBlATEVAAAmwKOpvLrD-QUVAigCQzMsF0BEMzMzMzMzGBJkYXNoX2Jhc2VsaW5lXzFfdjERAHX-B2XmnQEA&_nc_gid=AnP7aqARxLrSGJVtPz8Mpw&_nc_zt=28&oh=00_AfUx6rRa2JfjvjGK39DuvZcwc_UIGVTA1jQsEX8JFo7l8A&oe=689B4CDB, https://instagram.fcgk8-2.fna.fbcdn.net/o1/v/t2/f2/m86/AQMI886BIHVBMhhPDvirBQlzCiKsliGsA9nKUV60F_T_aWdUGmNnEdUOMdq3hmqvj29nVDr1fqkXGwMuGwOn_-dffXMwFcqBjDAqdc8.mp4?_nc_cat=102&_nc_oc=AdmmAnrp98Hmo-4SXvY87_6PA5Ab8j1kpNloEtZAQ68j9WjCHoxkU8ve6c3kbhG-hN5bCFuMSrFLdXo4xKMaaGTS&_nc_sid=5e9851&_nc_ht=instagram.fcgk8-2.fna.fbcdn.net&_nc_ohc=p-x_zZdT3D8Q7kNvwFkUSx-&efg=eyJ2ZW5jb2RlX3RhZyI6Inhwdl9wcm9ncmVzc2l2ZS5JTlNUQUdSQU0uQ0xJUFMuQzMuNzIwLmRhc2hfYmFzZWxpbmVfMV92MSIsInhwdl9hc3NldF9pZCI6MTY3NDYxNTU5NjU5MTMyOCwidmlfdXNlY2FzZV9pZCI6MTAwOTksImR1cmF0aW9uX3MiOjQwLCJ1cmxnZW5fc291cmNlIjoid3d3In0%3D&ccb=17-1&vs=afd479faa7307282&_nc_vs=HBksFQIYUmlnX3hwdl9yZWVsc19wZXJtYW5lbnRfc3JfcHJvZC85MDRBNzUxMTRFMDBBRjE4QTk0RkFFRUI3NjAzMzdCN192aWRlb19kYXNoaW5pdC5tcDQVAALIARIAFQIYOnBhc3N0aHJvdWdoX2V2ZXJzdG9yZS9HT09fQnhfMGJwZlU3VGNDQUNlS3JwTHc0UHhSYnFfRUFBQUYVAgLIARIAKAAYABsCiAd1c2Vfb2lsATEScHJvZ3Jlc3NpdmVfcmVjaXBlATEVAAAmwKOpvLrD-QUVAigCQzMsF0BEMzMzMzMzGBJkYXNoX2Jhc2VsaW5lXzFfdjERAHX-B2XmnQEA&_nc_gid=AnP7aqARxLrSGJVtPz8Mpw&_nc_zt=28&oh=00_AfUx6rRa2JfjvjGK39DuvZcwc_UIGVTA1jQsEX8JFo7l8A&oe=689B4CDB"
704,Surprise,tidak,CDN: URL kadaluarsa (403),"https://scontent-cgk1-2.cdninstagram.com/o1/v/t2/f2/m86/AQMJ0bMj_Bc3ANsXS2N1gsHocXpIj1C8K9zIABmv9uzUWO6YbUUftbRTxZK55oEVxMoCGmVPSkWISvMkzYRTjCRx2JdyysMlpDe0VyQ.mp4?_nc_cat=107&_nc_sid=5e9851&_nc_ht=scontent-cgk1-2.cdninstagram.com&_nc_ohc=3w1eyUkeDsUQ7kNvwFkOf9j&efg=eyJ2ZW5jb2RlX3RhZyI6Inhwdl9wcm9ncmVzc2l2ZS5JTlNUQUdSQU0uQ0xJUFMuQzMuNzIwLmRhc2hfYmFzZWxpbmVfMV92MSIsInhwdl9hc3NldF9pZCI6MTA5Mjk3NTIwMjE2MTc2OCwidmlfdXNlY2FzZV9pZCI6MTAwOTksImR1cmF0aW9uX3MiOjM1LCJ1cmxnZW5fc291cmNlIjoid3d3In0%3D&ccb=17-1&vs=f53d5f703b2a9f3e&_nc_vs=HBksFQIYUmlnX3hwdl9yZWVsc19wZXJtYW5lbnRfc3JfcHJvZC8wNjRFNjEwQzdCRkQwMkMzNTMzRTNGRUJDQTQ0QUE4NV92aWRlb19kYXNoaW5pdC5tcDQVAALIARIAFQIYOnBhc3N0aHJvdWdoX2V2ZXJzdG9yZS9HSGRLUmhfTlNNMzNXS1FDQU1DTzc2THdEVlJrYnFfRUFBQUYVAgLIARIAKAAYABsCiAd1c2Vfb2lsATEScHJvZ3Jlc3NpdmVfcmVjaXBlATEVAAAm0NHi6sOD8QMVAigCQzMsF0BB5mZmZmZmGBJkYXNoX2Jhc2VsaW5lXzFfdjERAHX-B2XmnQEA&_nc_gid=IaoIHTMgwnJhXVNSujhnVw&_nc_zt=28&oh=00_AfU9ETMu6MqnzbrVUxhyIzs_05Mc6SV_g5J20J8mHCspTg&oe=689B8574, https://scontent-cgk1-2.cdninstagram.com/o1/v/t2/f2/m86/AQMJ0bMj_Bc3ANsXS2N1gsHocXpIj1C8K9zIABmv9uzUWO6YbUUftbRTxZK55oEVxMoCGmVPSkWISvMkzYRTjCRx2JdyysMlpDe0VyQ.mp4?_nc_cat=107&_nc_sid=5e9851&_nc_ht=scontent-cgk1-2.cdninstagram.com&_nc_ohc=3w1eyUkeDsUQ7kNvwFkOf9j&efg=eyJ2ZW5jb2RlX3RhZyI6Inhwdl9wcm9ncmVzc2l2ZS5JTlNUQUdSQU0uQ0xJUFMuQzMuNzIwLmRhc2hfYmFzZWxpbmVfMV92MSIsInhwdl9hc3NldF9pZCI6MTA5Mjk3NTIwMjE2MTc2OCwidmlfdXNlY2FzZV9pZCI6MTAwOTksImR1cmF0aW9uX3MiOjM1LCJ1cmxnZW5fc291cmNlIjoid3d3In0%3D&ccb=17-1&vs=f53d5f703b2a9f3e&_nc_vs=HBksFQIYUmlnX3hwdl9yZWVsc19wZXJtYW5lbnRfc3JfcHJvZC8wNjRFNjEwQzdCRkQwMkMzNTMzRTNGRUJDQTQ0QUE4NV92aWRlb19kYXNoaW5pdC5tcDQVAALIARIAFQIYOnBhc3N0aHJvdWdoX2V2ZXJzdG9yZS9HSGRLUmhfTlNNMzNXS1FDQU1DTzc2THdEVlJrYnFfRUFBQUYVAgLIARIAKAAYABsCiAd1c2Vfb2lsATEScHJvZ3Jlc3NpdmVfcmVjaXBlATEVAAAm0NHi6sOD8QMVAigCQzMsF0BB5mZmZmZmGBJkYXNoX2Jhc2VsaW5lXzFfdjERAHX-B2XmnQEA&_nc_gid=IaoIHTMgwnJhXVNSujhnVw&_nc_zt=28&oh=00_AfU9ETMu6MqnzbrVUxhyIzs_05Mc6SV_g5J20J8mHCspTg&oe=689B8574, https://scontent-cgk1-2.cdninstagram.com/o1/v/t2/f2/m86/AQMJ0bMj_Bc3ANsXS2N1gsHocXpIj1C8K9zIABmv9uzUWO6YbUUftbRTxZK55oEVxMoCGmVPSkWISvMkzYRTjCRx2JdyysMlpDe0VyQ.mp4?_nc_cat=107&_nc_sid=5e9851&_nc_ht=scontent-cgk1-2.cdninstagram.com&_nc_ohc=3w1eyUkeDsUQ7kNvwFkOf9j&efg=eyJ2ZW5jb2RlX3RhZyI6Inhwdl9wcm9ncmVzc2l2ZS5JTlNUQUdSQU0uQ0xJUFMuQzMuNzIwLmRhc2hfYmFzZWxpbmVfMV92MSIsInhwdl9hc3NldF9pZCI6MTA5Mjk3NTIwMjE2MTc2OCwidmlfdXNlY2FzZV9pZCI6MTAwOTksImR1cmF0aW9uX3MiOjM1LCJ1cmxnZW5fc291cmNlIjoid3d3In0%3D&ccb=17-1&vs=f53d5f703b2a9f3e&_nc_vs=HBksFQIYUmlnX3hwdl9yZWVsc19wZXJtYW5lbnRfc3JfcHJvZC8wNjRFNjEwQzdCRkQwMkMzNTMzRTNGRUJDQTQ0QUE4NV92aWRlb19kYXNoaW5pdC5tcDQVAALIARIAFQIYOnBhc3N0aHJvdWdoX2V2ZXJzdG9yZS9HSGRLUmhfTlNNMzNXS1FDQU1DTzc2THdEVlJrYnFfRUFBQUYVAgLIARIAKAAYABsCiAd1c2Vfb2lsATEScHJvZ3Jlc3NpdmVfcmVjaXBlATEVAAAm0NHi6sOD8QMVAigCQzMsF0BB5mZmZmZmGBJkYXNoX2Jhc2VsaW5lXzFfdjERAHX-B2XmnQEA&_nc_gid=IaoIHTMgwnJhXVNSujhnVw&_nc_zt=28&oh=00_AfU9ETMu6MqnzbrVUxhyIzs_05Mc6SV_g5J20J8mHCspTg&oe=689B8574"
705,Surprise,tidak,CDN: URL kadaluarsa (403),"https://instagram.fcgk38-1.fna.fbcdn.net/o1/v/t2/f2/m86/AQNrtpQvOcYvTqJRDkL1ifqazdoN61PVFOjCyzWbzvjPbZ3-na0NhUPA091SlkDQz2ZLdVMhRLOJZRHsBaMBVU1TklXtYUtOMjT5Mes.mp4?_nc_cat=108&_nc_oc=AdmfjOUBvFGmyCkDjT8r405q-Oh_PZjmdP52t92msx3eLurnuknsYzciWgI4IpidxbVtyWuqVwp6bQBCMebUt1Pw&_nc_sid=5e9851&_nc_ht=instagram.fcgk38-1.fna.fbcdn.net&_nc_ohc=Fxn7PTMqYY4Q7kNvwFswAcx&efg=eyJ2ZW5jb2RlX3RhZyI6Inhwdl9wcm9ncmVzc2l2ZS5JTlNUQUdSQU0uQ0xJUFMuQzMuMTI3OC5kYXNoX2Jhc2VsaW5lXzFfdjEiLCJ4cHZfYXNzZXRfaWQiOjc4NDE5MjE3MDYwODIxOCwidmlfdXNlY2FzZV9pZCI6MTAwOTksImR1cmF0aW9uX3MiOjczLCJ1cmxnZW5fc291cmNlIjoid3d3In0%3D&ccb=17-1&vs=e17762f7b1c1d635&_nc_vs=HBksFQIYUmlnX3hwdl9yZWVsc19wZXJtYW5lbnRfc3JfcHJvZC9BMTQ0MjIzQTE1NTI4OUE3NDZERkMzRjA1RDhDRjJCRl92aWRlb19kYXNoaW5pdC5tcDQVAALIARIAFQIYOnBhc3N0aHJvdWdoX2V2ZXJzdG9yZS9HSmhGVng5cHhobk00WTRFQVBtMzFCTkt5YjhkYnFfRUFBQUYVAgLIARIAKAAYABsCiAd1c2Vfb2lsATEScHJvZ3Jlc3NpdmVfcmVjaXBlATEVAAAmtJme_P7N5AIVAigCQzMsF0BSap--dsi0GBJkYXNoX2Jhc2VsaW5lXzFfdjERAHX-B2XmnQEA&_nc_gid=yKFMa1EztZvjZ3uABwn3HA&_nc_zt=28&oh=00_AfWD_kXoRJdYvlLmz5lvHsV_QvAuQ51JNd3eKhfB3O9yHw&oe=689B5E99, https://instagram.fcgk38-1.fna.fbcdn.net/o1/v/t2/f2/m86/AQNrtpQvOcYvTqJRDkL1ifqazdoN61PVFOjCyzWbzvjPbZ3-na0NhUPA091SlkDQz2ZLdVMhRLOJZRHsBaMBVU1TklXtYUtOMjT5Mes.mp4?_nc_cat=108&_nc_oc=AdmfjOUBvFGmyCkDjT8r405q-Oh_PZjmdP52t92msx3eLurnuknsYzciWgI4IpidxbVtyWuqVwp6bQBCMebUt1Pw&_nc_sid=5e9851&_nc_ht=instagram.fcgk38-1.fna.fbcdn.net&_nc_ohc=Fxn7PTMqYY4Q7kNvwFswAcx&efg=eyJ2ZW5jb2RlX3RhZyI6Inhwdl9wcm9ncmVzc2l2ZS5JTlNUQUdSQU0uQ0xJUFMuQzMuMTI3OC5kYXNoX2Jhc2VsaW5lXzFfdjEiLCJ4cHZfYXNzZXRfaWQiOjc4NDE5MjE3MDYwODIxOCwidmlfdXNlY2FzZV9pZCI6MTAwOTksImR1cmF0aW9uX3MiOjczLCJ1cmxnZW5fc291cmNlIjoid3d3In0%3D&ccb=17-1&vs=e17762f7b1c1d635&_nc_vs=HBksFQIYUmlnX3hwdl9yZWVsc19wZXJtYW5lbnRfc3JfcHJvZC9BMTQ0MjIzQTE1NTI4OUE3NDZERkMzRjA1RDhDRjJCRl92aWRlb19kYXNoaW5pdC5tcDQVAALIARIAFQIYOnBhc3N0aHJvdWdoX2V2ZXJzdG9yZS9HSmhGVng5cHhobk00WTRFQVBtMzFCTkt5YjhkYnFfRUFBQUYVAgLIARIAKAAYABsCiAd1c2Vfb2lsATEScHJvZ3Jlc3NpdmVfcmVjaXBlATEVAAAmtJme_P7N5AIVAigCQzMsF0BSap--dsi0GBJkYXNoX2Jhc2VsaW5lXzFfdjERAHX-B2XmnQEA&_nc_gid=yKFMa1EztZvjZ3uABwn3HA&_nc_zt=28&oh=00_AfWD_kXoRJdYvlLmz5lvHsV_QvAuQ51JNd3eKhfB3O9yHw&oe=689B5E99, https://instagram.fcgk38-1.fna.fbcdn.net/o1/v/t2/f2/m86/AQNrtpQvOcYvTqJRDkL1ifqazdoN61PVFOjCyzWbzvjPbZ3-na0NhUPA091SlkDQz2ZLdVMhRLOJZRHsBaMBVU1TklXtYUtOMjT5Mes.mp4?_nc_cat=108&_nc_oc=AdmfjOUBvFGmyCkDjT8r405q-Oh_PZjmdP52t92msx3eLurnuknsYzciWgI4IpidxbVtyWuqVwp6bQBCMebUt1Pw&_nc_sid=5e9851&_nc_ht=instagram.fcgk38-1.fna.fbcdn.net&_nc_ohc=Fxn7PTMqYY4Q7kNvwFswAcx&efg=eyJ2ZW5jb2RlX3RhZyI6Inhwdl9wcm9ncmVzc2l2ZS5JTlNUQUdSQU0uQ0xJUFMuQzMuMTI3OC5kYXNoX2Jhc2VsaW5lXzFfdjEiLCJ4cHZfYXNzZXRfaWQiOjc4NDE5MjE3MDYwODIxOCwidmlfdXNlY2FzZV9pZCI6MTAwOTksImR1cmF0aW9uX3MiOjczLCJ1cmxnZW5fc291cmNlIjoid3d3In0%3D&ccb=17-1&vs=e17762f7b1c1d635&_nc_vs=HBksFQIYUmlnX3hwdl9yZWVsc19wZXJtYW5lbnRfc3JfcHJvZC9BMTQ0MjIzQTE1NTI4OUE3NDZERkMzRjA1RDhDRjJCRl92aWRlb19kYXNoaW5pdC5tcDQVAALIARIAFQIYOnBhc3N0aHJvdWdoX2V2ZXJzdG9yZS9HSmhGVng5cHhobk00WTRFQVBtMzFCTkt5YjhkYnFfRUFBQUYVAgLIARIAKAAYABsCiAd1c2Vfb2lsATEScHJvZ3Jlc3NpdmVfcmVjaXBlATEVAAAmtJme_P7N5AIVAigCQzMsF0BSap--dsi0GBJkYXNoX2Jhc2VsaW5lXzFfdjERAHX-B2XmnQEA&_nc_gid=yKFMa1EztZvjZ3uABwn3HA&_nc_zt=28&oh=00_AfWD_kXoRJdYvlLmz5lvHsV_QvAuQ51JNd3eKhfB3O9yHw&oe=689B5E99"
706,Trust,tidak,CDN: URL kadaluarsa (403),"https://instagram.fcgk8-2.fna.fbcdn.net/o1/v/t2/f2/m86/AQOZgWckfmX-OGO3X_LRpX3Vu9j1GHX9KRxYBiFgz7J4IAuxPByeaU8jaCJUQS2BffeimN5rzy4h-tTHruLcItf1qizO0Y5b72Mo2Rg.mp4?_nc_cat=107&_nc_oc=AdmGzRHT0VdcIVRdMWe-5UXlZQHU1ZAXbqkwUCCeXqAyLcIgKkMXeiBtj9PN200tRo1P70eF8nx7MSeVqgm2w6f_&_nc_sid=5e9851&_nc_ht=instagram.fcgk8-2.fna.fbcdn.net&_nc_ohc=WSBoGlqUMzQQ7kNvwGKD5bv&efg=eyJ2ZW5jb2RlX3RhZyI6Inhwdl9wcm9ncmVzc2l2ZS5JTlNUQUdSQU0uQ0xJUFMuQzMuNzIwLmRhc2hfYmFzZWxpbmVfMV92MSIsInhwdl9hc3NldF9pZCI6MTA3NDQ0NTU1NzU1MjUxNywidmlfdXNlY2FzZV9pZCI6MTAwOTksImR1cmF0aW9uX3MiOjQ5LCJ1cmxnZW5fc291cmNlIjoid3d3In0%3D&ccb=17-1&vs=4597cf38922f901c&_nc_vs=HBksFQIYUmlnX3hwdl9yZWVsc19wZXJtYW5lbnRfc3JfcHJvZC84QTQ3RDk0OUM5NDkwQkUzMkVEQ0RCQkMxQTdERjM5RF92aWRlb19kYXNoaW5pdC5tcDQVAALIARIAFQIYOnBhc3N0aHJvdWdoX2V2ZXJzdG9yZS9HR1FrQVItRjhydE5ELU1EQUctLV9teXBseFp5YnFfRUFBQUYVAgLIARIAKAAYABsCiAd1c2Vfb2lsATEScHJvZ3Jlc3NpdmVfcmVjaXBlATEVAAAmitbOnPvM6AMVAigCQzMsF0BI-6XjU_fPGBJkYXNoX2Jhc2VsaW5lXzFfdjERAHX-B2XmnQEA&_nc_zt=28&oh=00_AfVvgAyrtceWrIsubrFM59jgBISmsNaQ3zbBT82y7RIJUA&oe=689B3150, https://instagram.fcgk8-2.fna.fbcdn.net/o1/v/t2/f2/m86/AQOZgWckfmX-OGO3X_LRpX3Vu9j1GHX9KRxYBiFgz7J4IAuxPByeaU8jaCJUQS2BffeimN5rzy4h-tTHruLcItf1qizO0Y5b72Mo2Rg.mp4?_nc_cat=107&_nc_oc=AdmGzRHT0VdcIVRdMWe-5UXlZQHU1ZAXbqkwUCCeXqAyLcIgKkMXeiBtj9PN200tRo1P70eF8nx7MSeVqgm2w6f_&_nc_sid=5e9851&_nc_ht=instagram.fcgk8-2.fna.fbcdn.net&_nc_ohc=WSBoGlqUMzQQ7kNvwGKD5bv&efg=eyJ2ZW5jb2RlX3RhZyI6Inhwdl9wcm9ncmVzc2l2ZS5JTlNUQUdSQU0uQ0xJUFMuQzMuNzIwLmRhc2hfYmFzZWxpbmVfMV92MSIsInhwdl9hc3NldF9pZCI6MTA3NDQ0NTU1NzU1MjUxNywidmlfdXNlY2FzZV9pZCI6MTAwOTksImR1cmF0aW9uX3MiOjQ5LCJ1cmxnZW5fc291cmNlIjoid3d3In0%3D&ccb=17-1&vs=4597cf38922f901c&_nc_vs=HBksFQIYUmlnX3hwdl9yZWVsc19wZXJtYW5lbnRfc3JfcHJvZC84QTQ3RDk0OUM5NDkwQkUzMkVEQ0RCQkMxQTdERjM5RF92aWRlb19kYXNoaW5pdC5tcDQVAALIARIAFQIYOnBhc3N0aHJvdWdoX2V2ZXJzdG9yZS9HR1FrQVItRjhydE5ELU1EQUctLV9teXBseFp5YnFfRUFBQUYVAgLIARIAKAAYABsCiAd1c2Vfb2lsATEScHJvZ3Jlc3NpdmVfcmVjaXBlATEVAAAmitbOnPvM6AMVAigCQzMsF0BI-6XjU_fPGBJkYXNoX2Jhc2VsaW5lXzFfdjERAHX-B2XmnQEA&_nc_zt=28&oh=00_AfVvgAyrtceWrIsubrFM59jgBISmsNaQ3zbBT82y7RIJUA&oe=689B3150, https://instagram.fcgk8-2.fna.fbcdn.net/o1/v/t2/f2/m86/AQOZgWckfmX-OGO3X_LRpX3Vu9j1GHX9KRxYBiFgz7J4IAuxPByeaU8jaCJUQS2BffeimN5rzy4h-tTHruLcItf1qizO0Y5b72Mo2Rg.mp4?_nc_cat=107&_nc_oc=AdmGzRHT0VdcIVRdMWe-5UXlZQHU1ZAXbqkwUCCeXqAyLcIgKkMXeiBtj9PN200tRo1P70eF8nx7MSeVqgm2w6f_&_nc_sid=5e9851&_nc_ht=instagram.fcgk8-2.fna.fbcdn.net&_nc_ohc=WSBoGlqUMzQQ7kNvwGKD5bv&efg=eyJ2ZW5jb2RlX3RhZyI6Inhwdl9wcm9ncmVzc2l2ZS5JTlNUQUdSQU0uQ0xJUFMuQzMuNzIwLmRhc2hfYmFzZWxpbmVfMV92MSIsInhwdl9hc3NldF9pZCI6MTA3NDQ0NTU1NzU1MjUxNywidmlfdXNlY2FzZV9pZCI6MTAwOTksImR1cmF0aW9uX3MiOjQ5LCJ1cmxnZW5fc291cmNlIjoid3d3In0%3D&ccb=17-1&vs=4597cf38922f901c&_nc_vs=HBksFQIYUmlnX3hwdl9yZWVsc19wZXJtYW5lbnRfc3JfcHJvZC84QTQ3RDk0OUM5NDkwQkUzMkVEQ0RCQkMxQTdERjM5RF92aWRlb19kYXNoaW5pdC5tcDQVAALIARIAFQIYOnBhc3N0aHJvdWdoX2V2ZXJzdG9yZS9HR1FrQVItRjhydE5ELU1EQUctLV9teXBseFp5YnFfRUFBQUYVAgLIARIAKAAYABsCiAd1c2Vfb2lsATEScHJvZ3Jlc3NpdmVfcmVjaXBlATEVAAAmitbOnPvM6AMVAigCQzMsF0BI-6XjU_fPGBJkYXNoX2Jhc2VsaW5lXzFfdjERAHX-B2XmnQEA&_nc_zt=28&oh=00_AfVvgAyrtceWrIsubrFM59jgBISmsNaQ3zbBT82y7RIJUA&oe=689B3150"
707,Surprise,tidak,CDN: URL kadaluarsa (403),"https://scontent-cgk2-2.cdninstagram.com/o1/v/t2/f2/m86/AQM_FcodXjda6GnVIbW4HO_tXfIaEnClRMdgRR2hJH5BmSsGSBv32sHrgaXDXfEtfZc1o3Ux7wf7i9ycJmUE26jh5tkD4iPhpmkA4aU.mp4?_nc_cat=110&_nc_sid=5e9851&_nc_ht=scontent-cgk2-2.cdninstagram.com&_nc_ohc=P11gTbKKyioQ7kNvwGuyDtL&efg=eyJ2ZW5jb2RlX3RhZyI6Inhwdl9wcm9ncmVzc2l2ZS5JTlNUQUdSQU0uQ0xJUFMuQzMuNzIwLmRhc2hfYmFzZWxpbmVfMV92MSIsInhwdl9hc3NldF9pZCI6MTE1OTg1OTkwOTUyNDY0NSwidmlfdXNlY2FzZV9pZCI6MTAwOTksImR1cmF0aW9uX3MiOjM1LCJ1cmxnZW5fc291cmNlIjoid3d3In0%3D&ccb=17-1&vs=d09962b543d6852e&_nc_vs=HBksFQIYUmlnX3hwdl9yZWVsc19wZXJtYW5lbnRfc3JfcHJvZC85MzQxMDM2QUI0NzdGMDc1NjJFNjQ2RjY1MkJGRkY5OV92aWRlb19kYXNoaW5pdC5tcDQVAALIARIAFQIYOnBhc3N0aHJvdWdoX2V2ZXJzdG9yZS9HT0dLZEI5cTFsTC14Z1VFQUljeVRfZnJ4VnB5YnFfRUFBQUYVAgLIARIAKAAYABsCiAd1c2Vfb2lsATEScHJvZ3Jlc3NpdmVfcmVjaXBlATEVAAAmyvKr3t24jwQVAigCQzMsF0BB8zMzMzMzGBJkYXNoX2Jhc2VsaW5lXzFfdjERAHX-B2XmnQEA&_nc_gid=IaoIHTMgwnJhXVNSujhnVw&_nc_zt=28&oh=00_AfV-dYQn4ODjgBPvz9fQ6U7_Me-Q71BDuGaL5-kcPDwB2g&oe=689B740B, https://scontent-cgk2-2.cdninstagram.com/o1/v/t2/f2/m86/AQM_FcodXjda6GnVIbW4HO_tXfIaEnClRMdgRR2hJH5BmSsGSBv32sHrgaXDXfEtfZc1o3Ux7wf7i9ycJmUE26jh5tkD4iPhpmkA4aU.mp4?_nc_cat=110&_nc_sid=5e9851&_nc_ht=scontent-cgk2-2.cdninstagram.com&_nc_ohc=P11gTbKKyioQ7kNvwGuyDtL&efg=eyJ2ZW5jb2RlX3RhZyI6Inhwdl9wcm9ncmVzc2l2ZS5JTlNUQUdSQU0uQ0xJUFMuQzMuNzIwLmRhc2hfYmFzZWxpbmVfMV92MSIsInhwdl9hc3NldF9pZCI6MTE1OTg1OTkwOTUyNDY0NSwidmlfdXNlY2FzZV9pZCI6MTAwOTksImR1cmF0aW9uX3MiOjM1LCJ1cmxnZW5fc291cmNlIjoid3d3In0%3D&ccb=17-1&vs=d09962b543d6852e&_nc_vs=HBksFQIYUmlnX3hwdl9yZWVsc19wZXJtYW5lbnRfc3JfcHJvZC85MzQxMDM2QUI0NzdGMDc1NjJFNjQ2RjY1MkJGRkY5OV92aWRlb19kYXNoaW5pdC5tcDQVAALIARIAFQIYOnBhc3N0aHJvdWdoX2V2ZXJzdG9yZS9HT0dLZEI5cTFsTC14Z1VFQUljeVRfZnJ4VnB5YnFfRUFBQUYVAgLIARIAKAAYABsCiAd1c2Vfb2lsATEScHJvZ3Jlc3NpdmVfcmVjaXBlATEVAAAmyvKr3t24jwQVAigCQzMsF0BB8zMzMzMzGBJkYXNoX2Jhc2VsaW5lXzFfdjERAHX-B2XmnQEA&_nc_gid=IaoIHTMgwnJhXVNSujhnVw&_nc_zt=28&oh=00_AfV-dYQn4ODjgBPvz9fQ6U7_Me-Q71BDuGaL5-kcPDwB2g&oe=689B740B, https://scontent-cgk2-2.cdninstagram.com/o1/v/t2/f2/m86/AQM_FcodXjda6GnVIbW4HO_tXfIaEnClRMdgRR2hJH5BmSsGSBv32sHrgaXDXfEtfZc1o3Ux7wf7i9ycJmUE26jh5tkD4iPhpmkA4aU.mp4?_nc_cat=110&_nc_sid=5e9851&_nc_ht=scontent-cgk2-2.cdninstagram.com&_nc_ohc=P11gTbKKyioQ7kNvwGuyDtL&efg=eyJ2ZW5jb2RlX3RhZyI6Inhwdl9wcm9ncmVzc2l2ZS5JTlNUQUdSQU0uQ0xJUFMuQzMuNzIwLmRhc2hfYmFzZWxpbmVfMV92MSIsInhwdl9hc3NldF9pZCI6MTE1OTg1OTkwOTUyNDY0NSwidmlfdXNlY2FzZV9pZCI6MTAwOTksImR1cmF0aW9uX3MiOjM1LCJ1cmxnZW5fc291cmNlIjoid3d3In0%3D&ccb=17-1&vs=d09962b543d6852e&_nc_vs=HBksFQIYUmlnX3hwdl9yZWVsc19wZXJtYW5lbnRfc3JfcHJvZC85MzQxMDM2QUI0NzdGMDc1NjJFNjQ2RjY1MkJGRkY5OV92aWRlb19kYXNoaW5pdC5tcDQVAALIARIAFQIYOnBhc3N0aHJvdWdoX2V2ZXJzdG9yZS9HT0dLZEI5cTFsTC14Z1VFQUljeVRfZnJ4VnB5YnFfRUFBQUYVAgLIARIAKAAYABsCiAd1c2Vfb2lsATEScHJvZ3Jlc3NpdmVfcmVjaXBlATEVAAAmyvKr3t24jwQVAigCQzMsF0BB8zMzMzMzGBJkYXNoX2Jhc2VsaW5lXzFfdjERAHX-B2XmnQEA&_nc_gid=IaoIHTMgwnJhXVNSujhnVw&_nc_zt=28&oh=00_AfV-dYQn4ODjgBPvz9fQ6U7_Me-Q71BDuGaL5-kcPDwB2g&oe=689B740B"
708,Joy,tidak,CDN: URL kadaluarsa (403),"https://scontent-cgk1-2.cdninstagram.com/o1/v/t2/f2/m86/AQMBjl6KQnXxfaBSe7kd8V2n9o5QO1MoEEriwbGWHJ4YUBoW1FI7EVtUbFf9DV07_xkpaUDKmHCUGu9-_UGEuO7GawYpGeIiXVff8Zo.mp4?_nc_cat=107&_nc_sid=5e9851&_nc_ht=scontent-cgk1-2.cdninstagram.com&_nc_ohc=6dwaP9_lt8YQ7kNvwE7OyNF&efg=eyJ2ZW5jb2RlX3RhZyI6Inhwdl9wcm9ncmVzc2l2ZS5JTlNUQUdSQU0uQ0xJUFMuQzMuNzIwLmRhc2hfYmFzZWxpbmVfMV92MSIsInhwdl9hc3NldF9pZCI6MzY5NTgxMjI5NzM4ODkxNCwidmlfdXNlY2FzZV9pZCI6MTAwOTksImR1cmF0aW9uX3MiOjUwLCJ1cmxnZW5fc291cmNlIjoid3d3In0%3D&ccb=17-1&vs=4473bde702486932&_nc_vs=HBksFQIYUmlnX3hwdl9yZWVsc19wZXJtYW5lbnRfc3JfcHJvZC8zNDRCNkRCODI0QTRDNDNBRTlBNDU0NUVEODkwRDhBOF92aWRlb19kYXNoaW5pdC5tcDQVAALIARIAFQIYOnBhc3N0aHJvdWdoX2V2ZXJzdG9yZS9HQ2pPZGhfeHRybEczRVVFQUNZZ0tjcXhscXdDYnFfRUFBQUYVAgLIARIAKAAYABsCiAd1c2Vfb2lsATEScHJvZ3Jlc3NpdmVfcmVjaXBlATEVAAAm5M2jssvUkA0VAigCQzMsF0BJBR64UeuFGBJkYXNoX2Jhc2VsaW5lXzFfdjERAHX-B2XmnQEA&_nc_zt=28&oh=00_AfVs0g2uHxQu1bAwSt9nkr92DBFiQl5sypR_9WUkrKz3fA&oe=689B9A90, https://scontent-cgk1-2.cdninstagram.com/o1/v/t2/f2/m86/AQMBjl6KQnXxfaBSe7kd8V2n9o5QO1MoEEriwbGWHJ4YUBoW1FI7EVtUbFf9DV07_xkpaUDKmHCUGu9-_UGEuO7GawYpGeIiXVff8Zo.mp4?_nc_cat=107&_nc_sid=5e9851&_nc_ht=scontent-cgk1-2.cdninstagram.com&_nc_ohc=6dwaP9_lt8YQ7kNvwE7OyNF&efg=eyJ2ZW5jb2RlX3RhZyI6Inhwdl9wcm9ncmVzc2l2ZS5JTlNUQUdSQU0uQ0xJUFMuQzMuNzIwLmRhc2hfYmFzZWxpbmVfMV92MSIsInhwdl9hc3NldF9pZCI6MzY5NTgxMjI5NzM4ODkxNCwidmlfdXNlY2FzZV9pZCI6MTAwOTksImR1cmF0aW9uX3MiOjUwLCJ1cmxnZW5fc291cmNlIjoid3d3In0%3D&ccb=17-1&vs=4473bde702486932&_nc_vs=HBksFQIYUmlnX3hwdl9yZWVsc19wZXJtYW5lbnRfc3JfcHJvZC8zNDRCNkRCODI0QTRDNDNBRTlBNDU0NUVEODkwRDhBOF92aWRlb19kYXNoaW5pdC5tcDQVAALIARIAFQIYOnBhc3N0aHJvdWdoX2V2ZXJzdG9yZS9HQ2pPZGhfeHRybEczRVVFQUNZZ0tjcXhscXdDYnFfRUFBQUYVAgLIARIAKAAYABsCiAd1c2Vfb2lsATEScHJvZ3Jlc3NpdmVfcmVjaXBlATEVAAAm5M2jssvUkA0VAigCQzMsF0BJBR64UeuFGBJkYXNoX2Jhc2VsaW5lXzFfdjERAHX-B2XmnQEA&_nc_zt=28&oh=00_AfVs0g2uHxQu1bAwSt9nkr92DBFiQl5sypR_9WUkrKz3fA&oe=689B9A90, https://scontent-cgk1-2.cdninstagram.com/o1/v/t2/f2/m86/AQMBjl6KQnXxfaBSe7kd8V2n9o5QO1MoEEriwbGWHJ4YUBoW1FI7EVtUbFf9DV07_xkpaUDKmHCUGu9-_UGEuO7GawYpGeIiXVff8Zo.mp4?_nc_cat=107&_nc_sid=5e9851&_nc_ht=scontent-cgk1-2.cdninstagram.com&_nc_ohc=6dwaP9_lt8YQ7kNvwE7OyNF&efg=eyJ2ZW5jb2RlX3RhZyI6Inhwdl9wcm9ncmVzc2l2ZS5JTlNUQUdSQU0uQ0xJUFMuQzMuNzIwLmRhc2hfYmFzZWxpbmVfMV92MSIsInhwdl9hc3NldF9pZCI6MzY5NTgxMjI5NzM4ODkxNCwidmlfdXNlY2FzZV9pZCI6MTAwOTksImR1cmF0aW9uX3MiOjUwLCJ1cmxnZW5fc291cmNlIjoid3d3In0%3D&ccb=17-1&vs=4473bde702486932&_nc_vs=HBksFQIYUmlnX3hwdl9yZWVsc19wZXJtYW5lbnRfc3JfcHJvZC8zNDRCNkRCODI0QTRDNDNBRTlBNDU0NUVEODkwRDhBOF92aWRlb19kYXNoaW5pdC5tcDQVAALIARIAFQIYOnBhc3N0aHJvdWdoX2V2ZXJzdG9yZS9HQ2pPZGhfeHRybEczRVVFQUNZZ0tjcXhscXdDYnFfRUFBQUYVAgLIARIAKAAYABsCiAd1c2Vfb2lsATEScHJvZ3Jlc3NpdmVfcmVjaXBlATEVAAAm5M2jssvUkA0VAigCQzMsF0BJBR64UeuFGBJkYXNoX2Jhc2VsaW5lXzFfdjERAHX-B2XmnQEA&_nc_zt=28&oh=00_AfVs0g2uHxQu1bAwSt9nkr92DBFiQl5sypR_9WUkrKz3fA&oe=689B9A90"
709,Trust,tidak,CDN: URL kadaluarsa (403),"https://instagram.fcgk38-1.fna.fbcdn.net/o1/v/t2/f2/m86/AQOmEkBINMLerU8OSYmJ6Ih1h08vQv_Z-267MnsQxGBMQaUWwj3Ugn1P89oDZfAVNadGZELYVRuk-6icr4f11N5_U1ibtPmGSi0j7R4.mp4?_nc_cat=108&_nc_oc=Admheqc9tYbeC7x7lodLWmXqtg98UFlgaV4GhNNLUcysyRP_A_punAfmrRPaoY8lbxEhUNd-eIAdQGGOeZyJK6zb&_nc_sid=5e9851&_nc_ht=instagram.fcgk38-1.fna.fbcdn.net&_nc_ohc=IW0flqgZ-8cQ7kNvwEeylGL&efg=eyJ2ZW5jb2RlX3RhZyI6Inhwdl9wcm9ncmVzc2l2ZS5JTlNUQUdSQU0uQ0xJUFMuQzMuNzIwLmRhc2hfYmFzZWxpbmVfMV92MSIsInhwdl9hc3NldF9pZCI6MTg4NjgyMTY1ODUyNTgxMSwidmlfdXNlY2FzZV9pZCI6MTAwOTksImR1cmF0aW9uX3MiOjcwLCJ1cmxnZW5fc291cmNlIjoid3d3In0%3D&ccb=17-1&vs=39c00162f1dbb29b&_nc_vs=HBksFQIYUmlnX3hwdl9yZWVsc19wZXJtYW5lbnRfc3JfcHJvZC8xRTQ0QjU3Q0UwQzNGNUZGNzc3MUZGQkEzNjk5NkQ5Ql92aWRlb19kYXNoaW5pdC5tcDQVAALIARIAFQIYOnBhc3N0aHJvdWdoX2V2ZXJzdG9yZS9HSzNiNng0dklCNmNPczhEQUV6MkV2QXk3UHB1YnFfRUFBQUYVAgLIARIAKAAYABsCiAd1c2Vfb2lsATEScHJvZ3Jlc3NpdmVfcmVjaXBlATEVAAAm5oGw67yD2gYVAigCQzMsF0BRt2yLQ5WBGBJkYXNoX2Jhc2VsaW5lXzFfdjERAHX-B2XmnQEA&_nc_zt=28&oh=00_AfVcgs9OAJZJ-jELaFadWZCA-k8N1i0AuVaHmplwN99hzw&oe=689B2D2D, https://instagram.fcgk38-1.fna.fbcdn.net/o1/v/t2/f2/m86/AQOmEkBINMLerU8OSYmJ6Ih1h08vQv_Z-267MnsQxGBMQaUWwj3Ugn1P89oDZfAVNadGZELYVRuk-6icr4f11N5_U1ibtPmGSi0j7R4.mp4?_nc_cat=108&_nc_oc=Admheqc9tYbeC7x7lodLWmXqtg98UFlgaV4GhNNLUcysyRP_A_punAfmrRPaoY8lbxEhUNd-eIAdQGGOeZyJK6zb&_nc_sid=5e9851&_nc_ht=instagram.fcgk38-1.fna.fbcdn.net&_nc_ohc=IW0flqgZ-8cQ7kNvwEeylGL&efg=eyJ2ZW5jb2RlX3RhZyI6Inhwdl9wcm9ncmVzc2l2ZS5JTlNUQUdSQU0uQ0xJUFMuQzMuNzIwLmRhc2hfYmFzZWxpbmVfMV92MSIsInhwdl9hc3NldF9pZCI6MTg4NjgyMTY1ODUyNTgxMSwidmlfdXNlY2FzZV9pZCI6MTAwOTksImR1cmF0aW9uX3MiOjcwLCJ1cmxnZW5fc291cmNlIjoid3d3In0%3D&ccb=17-1&vs=39c00162f1dbb29b&_nc_vs=HBksFQIYUmlnX3hwdl9yZWVsc19wZXJtYW5lbnRfc3JfcHJvZC8xRTQ0QjU3Q0UwQzNGNUZGNzc3MUZGQkEzNjk5NkQ5Ql92aWRlb19kYXNoaW5pdC5tcDQVAALIARIAFQIYOnBhc3N0aHJvdWdoX2V2ZXJzdG9yZS9HSzNiNng0dklCNmNPczhEQUV6MkV2QXk3UHB1YnFfRUFBQUYVAgLIARIAKAAYABsCiAd1c2Vfb2lsATEScHJvZ3Jlc3NpdmVfcmVjaXBlATEVAAAm5oGw67yD2gYVAigCQzMsF0BRt2yLQ5WBGBJkYXNoX2Jhc2VsaW5lXzFfdjERAHX-B2XmnQEA&_nc_zt=28&oh=00_AfVcgs9OAJZJ-jELaFadWZCA-k8N1i0AuVaHmplwN99hzw&oe=689B2D2D, https://instagram.fcgk38-1.fna.fbcdn.net/o1/v/t2/f2/m86/AQOmEkBINMLerU8OSYmJ6Ih1h08vQv_Z-267MnsQxGBMQaUWwj3Ugn1P89oDZfAVNadGZELYVRuk-6icr4f11N5_U1ibtPmGSi0j7R4.mp4?_nc_cat=108&_nc_oc=Admheqc9tYbeC7x7lodLWmXqtg98UFlgaV4GhNNLUcysyRP_A_punAfmrRPaoY8lbxEhUNd-eIAdQGGOeZyJK6zb&_nc_sid=5e9851&_nc_ht=instagram.fcgk38-1.fna.fbcdn.net&_nc_ohc=IW0flqgZ-8cQ7kNvwEeylGL&efg=eyJ2ZW5jb2RlX3RhZyI6Inhwdl9wcm9ncmVzc2l2ZS5JTlNUQUdSQU0uQ0xJUFMuQzMuNzIwLmRhc2hfYmFzZWxpbmVfMV92MSIsInhwdl9hc3NldF9pZCI6MTg4NjgyMTY1ODUyNTgxMSwidmlfdXNlY2FzZV9pZCI6MTAwOTksImR1cmF0aW9uX3MiOjcwLCJ1cmxnZW5fc291cmNlIjoid3d3In0%3D&ccb=17-1&vs=39c00162f1dbb29b&_nc_vs=HBksFQIYUmlnX3hwdl9yZWVsc19wZXJtYW5lbnRfc3JfcHJvZC8xRTQ0QjU3Q0UwQzNGNUZGNzc3MUZGQkEzNjk5NkQ5Ql92aWRlb19kYXNoaW5pdC5tcDQVAALIARIAFQIYOnBhc3N0aHJvdWdoX2V2ZXJzdG9yZS9HSzNiNng0dklCNmNPczhEQUV6MkV2QXk3UHB1YnFfRUFBQUYVAgLIARIAKAAYABsCiAd1c2Vfb2lsATEScHJvZ3Jlc3NpdmVfcmVjaXBlATEVAAAm5oGw67yD2gYVAigCQzMsF0BRt2yLQ5WBGBJkYXNoX2Jhc2VsaW5lXzFfdjERAHX-B2XmnQEA&_nc_zt=28&oh=00_AfVcgs9OAJZJ-jELaFadWZCA-k8N1i0AuVaHmplwN99hzw&oe=689B2D2D"
710,Joy,tidak,CDN: URL kadaluarsa (403),"https://scontent-cgk1-2.cdninstagram.com/o1/v/t2/f2/m86/AQP-m4-ds6sUz1Ii2XnJOYMTr3ci56kk2bmvfsHXtfBI9MdUvccVUQzjq7fXI7wr24gsgkL1swAcCNT-m6wRQ-lSJw1fPystHaLvh54.mp4?_nc_cat=101&_nc_sid=5e9851&_nc_ht=scontent-cgk1-2.cdninstagram.com&_nc_ohc=lOEeM5PgrU0Q7kNvwE9RopT&efg=eyJ2ZW5jb2RlX3RhZyI6Inhwdl9wcm9ncmVzc2l2ZS5JTlNUQUdSQU0uQ0xJUFMuQzMuNzIwLmRhc2hfYmFzZWxpbmVfMV92MSIsInhwdl9hc3NldF9pZCI6MTM5NjEzNTQ5MTQ3NzIzMSwidmlfdXNlY2FzZV9pZCI6MTAwOTksImR1cmF0aW9uX3MiOjMzLCJ1cmxnZW5fc291cmNlIjoid3d3In0%3D&ccb=17-1&vs=a6b67908216ebbf2&_nc_vs=HBksFQIYUmlnX3hwdl9yZWVsc19wZXJtYW5lbnRfc3JfcHJvZC85OTQ3QTE2QUZEN0YxRkZFRkEyMDRBOTk0OEFBRERCNl92aWRlb19kYXNoaW5pdC5tcDQVAALIARIAFQIYOnBhc3N0aHJvdWdoX2V2ZXJzdG9yZS9HSWRQVngtelpmNEMydW9KQUZueGpRZ1BKWG90YnFfRUFBQUYVAgLIARIAKAAYABsCiAd1c2Vfb2lsATEScHJvZ3Jlc3NpdmVfcmVjaXBlATEVAAAm3vu4gOTx-gQVAigCQzMsF0BA-6XjU_fPGBJkYXNoX2Jhc2VsaW5lXzFfdjERAHX-B2XmnQEA&_nc_gid=yIY0ergPnOKuwJYHshc1MQ&_nc_zt=28&oh=00_AfV8dHEvHLwQcY9n8BjhB5uRT3USM9XkbszNuWaBtvZTPQ&oe=689B895A, https://scontent-cgk1-2.cdninstagram.com/o1/v/t2/f2/m86/AQP-m4-ds6sUz1Ii2XnJOYMTr3ci56kk2bmvfsHXtfBI9MdUvccVUQzjq7fXI7wr24gsgkL1swAcCNT-m6wRQ-lSJw1fPystHaLvh54.mp4?_nc_cat=101&_nc_sid=5e9851&_nc_ht=scontent-cgk1-2.cdninstagram.com&_nc_ohc=lOEeM5PgrU0Q7kNvwE9RopT&efg=eyJ2ZW5jb2RlX3RhZyI6Inhwdl9wcm9ncmVzc2l2ZS5JTlNUQUdSQU0uQ0xJUFMuQzMuNzIwLmRhc2hfYmFzZWxpbmVfMV92MSIsInhwdl9hc3NldF9pZCI6MTM5NjEzNTQ5MTQ3NzIzMSwidmlfdXNlY2FzZV9pZCI6MTAwOTksImR1cmF0aW9uX3MiOjMzLCJ1cmxnZW5fc291cmNlIjoid3d3In0%3D&ccb=17-1&vs=a6b67908216ebbf2&_nc_vs=HBksFQIYUmlnX3hwdl9yZWVsc19wZXJtYW5lbnRfc3JfcHJvZC85OTQ3QTE2QUZEN0YxRkZFRkEyMDRBOTk0OEFBRERCNl92aWRlb19kYXNoaW5pdC5tcDQVAALIARIAFQIYOnBhc3N0aHJvdWdoX2V2ZXJzdG9yZS9HSWRQVngtelpmNEMydW9KQUZueGpRZ1BKWG90YnFfRUFBQUYVAgLIARIAKAAYABsCiAd1c2Vfb2lsATEScHJvZ3Jlc3NpdmVfcmVjaXBlATEVAAAm3vu4gOTx-gQVAigCQzMsF0BA-6XjU_fPGBJkYXNoX2Jhc2VsaW5lXzFfdjERAHX-B2XmnQEA&_nc_gid=yIY0ergPnOKuwJYHshc1MQ&_nc_zt=28&oh=00_AfV8dHEvHLwQcY9n8BjhB5uRT3USM9XkbszNuWaBtvZTPQ&oe=689B895A, https://scontent-cgk1-2.cdninstagram.com/o1/v/t2/f2/m86/AQP-m4-ds6sUz1Ii2XnJOYMTr3ci56kk2bmvfsHXtfBI9MdUvccVUQzjq7fXI7wr24gsgkL1swAcCNT-m6wRQ-lSJw1fPystHaLvh54.mp4?_nc_cat=101&_nc_sid=5e9851&_nc_ht=scontent-cgk1-2.cdninstagram.com&_nc_ohc=lOEeM5PgrU0Q7kNvwE9RopT&efg=eyJ2ZW5jb2RlX3RhZyI6Inhwdl9wcm9ncmVzc2l2ZS5JTlNUQUdSQU0uQ0xJUFMuQzMuNzIwLmRhc2hfYmFzZWxpbmVfMV92MSIsInhwdl9hc3NldF9pZCI6MTM5NjEzNTQ5MTQ3NzIzMSwidmlfdXNlY2FzZV9pZCI6MTAwOTksImR1cmF0aW9uX3MiOjMzLCJ1cmxnZW5fc291cmNlIjoid3d3In0%3D&ccb=17-1&vs=a6b67908216ebbf2&_nc_vs=HBksFQIYUmlnX3hwdl9yZWVsc19wZXJtYW5lbnRfc3JfcHJvZC85OTQ3QTE2QUZEN0YxRkZFRkEyMDRBOTk0OEFBRERCNl92aWRlb19kYXNoaW5pdC5tcDQVAALIARIAFQIYOnBhc3N0aHJvdWdoX2V2ZXJzdG9yZS9HSWRQVngtelpmNEMydW9KQUZueGpRZ1BKWG90YnFfRUFBQUYVAgLIARIAKAAYABsCiAd1c2Vfb2lsATEScHJvZ3Jlc3NpdmVfcmVjaXBlATEVAAAm3vu4gOTx-gQVAigCQzMsF0BA-6XjU_fPGBJkYXNoX2Jhc2VsaW5lXzFfdjERAHX-B2XmnQEA&_nc_gid=yIY0ergPnOKuwJYHshc1MQ&_nc_zt=28&oh=00_AfV8dHEvHLwQcY9n8BjhB5uRT3USM9XkbszNuWaBtvZTPQ&oe=689B895A"
711,Proud,tidak,CDN: URL kadaluarsa (403),"https://scontent-cgk2-1.cdninstagram.com/o1/v/t2/f2/m86/AQOMYQcCHV4QdbOmBS5HRlSW2lQ1CFvd8woHXJRgkxqbmVE9OoY94Q9uRXyl9_83IidjDBhlMLdAa28OKim1540RDyG5MRleZZkUMHI.mp4?_nc_cat=104&_nc_sid=5e9851&_nc_ht=scontent-cgk2-1.cdninstagram.com&_nc_ohc=oUGLArCu60kQ7kNvwGRh0-z&efg=eyJ2ZW5jb2RlX3RhZyI6Inhwdl9wcm9ncmVzc2l2ZS5JTlNUQUdSQU0uQ0xJUFMuQzMuNzIwLmRhc2hfYmFzZWxpbmVfMV92MSIsInhwdl9hc3NldF9pZCI6NjU2NzM5OTgwMTAxOTkwLCJ2aV91c2VjYXNlX2lkIjoxMDA5OSwiZHVyYXRpb25fcyI6MTQsInVybGdlbl9zb3VyY2UiOiJ3d3cifQ%3D%3D&ccb=17-1&vs=efa66f112f8fc0a6&_nc_vs=HBksFQIYUmlnX3hwdl9yZWVsc19wZXJtYW5lbnRfc3JfcHJvZC85RjQ4MkNFRUNENUI0MDA5RkQ1MjFGRjZFRTg0ODFCQ192aWRlb19kYXNoaW5pdC5tcDQVAALIARIAFQIYOnBhc3N0aHJvdWdoX2V2ZXJzdG9yZS9HQkJHVng5YU5DRUdFd0JaQUpFaUR4TldRc3BqYnFfRUFBQUYVAgLIARIAKAAYABsCiAd1c2Vfb2lsATEScHJvZ3Jlc3NpdmVfcmVjaXBlATEVAAAmzKXKk6bTqgIVAigCQzMsF0As7peNT987GBJkYXNoX2Jhc2VsaW5lXzFfdjERAHX-B2XmnQEA&_nc_gid=yIY0ergPnOKuwJYHshc1MQ&_nc_zt=28&oh=00_AfV3yQfi4XzODc2wuWhBn7C3cxJj661L2GewUicKLUPGmQ&oe=689B6C0D, https://scontent-cgk2-1.cdninstagram.com/o1/v/t2/f2/m86/AQOMYQcCHV4QdbOmBS5HRlSW2lQ1CFvd8woHXJRgkxqbmVE9OoY94Q9uRXyl9_83IidjDBhlMLdAa28OKim1540RDyG5MRleZZkUMHI.mp4?_nc_cat=104&_nc_sid=5e9851&_nc_ht=scontent-cgk2-1.cdninstagram.com&_nc_ohc=oUGLArCu60kQ7kNvwGRh0-z&efg=eyJ2ZW5jb2RlX3RhZyI6Inhwdl9wcm9ncmVzc2l2ZS5JTlNUQUdSQU0uQ0xJUFMuQzMuNzIwLmRhc2hfYmFzZWxpbmVfMV92MSIsInhwdl9hc3NldF9pZCI6NjU2NzM5OTgwMTAxOTkwLCJ2aV91c2VjYXNlX2lkIjoxMDA5OSwiZHVyYXRpb25fcyI6MTQsInVybGdlbl9zb3VyY2UiOiJ3d3cifQ%3D%3D&ccb=17-1&vs=efa66f112f8fc0a6&_nc_vs=HBksFQIYUmlnX3hwdl9yZWVsc19wZXJtYW5lbnRfc3JfcHJvZC85RjQ4MkNFRUNENUI0MDA5RkQ1MjFGRjZFRTg0ODFCQ192aWRlb19kYXNoaW5pdC5tcDQVAALIARIAFQIYOnBhc3N0aHJvdWdoX2V2ZXJzdG9yZS9HQkJHVng5YU5DRUdFd0JaQUpFaUR4TldRc3BqYnFfRUFBQUYVAgLIARIAKAAYABsCiAd1c2Vfb2lsATEScHJvZ3Jlc3NpdmVfcmVjaXBlATEVAAAmzKXKk6bTqgIVAigCQzMsF0As7peNT987GBJkYXNoX2Jhc2VsaW5lXzFfdjERAHX-B2XmnQEA&_nc_gid=yIY0ergPnOKuwJYHshc1MQ&_nc_zt=28&oh=00_AfV3yQfi4XzODc2wuWhBn7C3cxJj661L2GewUicKLUPGmQ&oe=689B6C0D, https://scontent-cgk2-1.cdninstagram.com/o1/v/t2/f2/m86/AQOMYQcCHV4QdbOmBS5HRlSW2lQ1CFvd8woHXJRgkxqbmVE9OoY94Q9uRXyl9_83IidjDBhlMLdAa28OKim1540RDyG5MRleZZkUMHI.mp4?_nc_cat=104&_nc_sid=5e9851&_nc_ht=scontent-cgk2-1.cdninstagram.com&_nc_ohc=oUGLArCu60kQ7kNvwGRh0-z&efg=eyJ2ZW5jb2RlX3RhZyI6Inhwdl9wcm9ncmVzc2l2ZS5JTlNUQUdSQU0uQ0xJUFMuQzMuNzIwLmRhc2hfYmFzZWxpbmVfMV92MSIsInhwdl9hc3NldF9pZCI6NjU2NzM5OTgwMTAxOTkwLCJ2aV91c2VjYXNlX2lkIjoxMDA5OSwiZHVyYXRpb25fcyI6MTQsInVybGdlbl9zb3VyY2UiOiJ3d3cifQ%3D%3D&ccb=17-1&vs=efa66f112f8fc0a6&_nc_vs=HBksFQIYUmlnX3hwdl9yZWVsc19wZXJtYW5lbnRfc3JfcHJvZC85RjQ4MkNFRUNENUI0MDA5RkQ1MjFGRjZFRTg0ODFCQ192aWRlb19kYXNoaW5pdC5tcDQVAALIARIAFQIYOnBhc3N0aHJvdWdoX2V2ZXJzdG9yZS9HQkJHVng5YU5DRUdFd0JaQUpFaUR4TldRc3BqYnFfRUFBQUYVAgLIARIAKAAYABsCiAd1c2Vfb2lsATEScHJvZ3Jlc3NpdmVfcmVjaXBlATEVAAAmzKXKk6bTqgIVAigCQzMsF0As7peNT987GBJkYXNoX2Jhc2VsaW5lXzFfdjERAHX-B2XmnQEA&_nc_gid=yIY0ergPnOKuwJYHshc1MQ&_nc_zt=28&oh=00_AfV3yQfi4XzODc2wuWhBn7C3cxJj661L2GewUicKLUPGmQ&oe=689B6C0D"
712,Trust,tidak,CDN: URL kadaluarsa (403),"https://scontent-cgk1-2.cdninstagram.com/o1/v/t16/f2/m69/AQOGlxqZEj-BcvOrkADxr_WEemy4uIH--PHq6X0obCpF2HyHK7Hx-rOi3lgVAITeN2imDGUddwoTP2ATivEPX7jc.mp4?stp=dst-mp4&efg=eyJxZV9ncm91cHMiOiJbXCJpZ193ZWJfZGVsaXZlcnlfdnRzX290ZlwiXSIsInZlbmNvZGVfdGFnIjoidnRzX3ZvZF91cmxnZW4uY2xpcHMuYzIuNzIwLmJhc2VsaW5lIn0&_nc_cat=101&vs=1139473477534124_3687618034&_nc_vs=HBksFQIYOnBhc3N0aHJvdWdoX2V2ZXJzdG9yZS9HSUNXbUFEZGFDMVAzbndDQU52ZTdzMGNxRHd2YnFDQkFBQUYVAALIARIAFQIYOnBhc3N0aHJvdWdoX2V2ZXJzdG9yZS9HQXhaVng4bkpEdTV6NzRDQUpjVDlySlF5cFp5YnFDQkFBQUYVAgLIARIAKAAYABsAFQAAJp6azKzkntU%2FFQIoAkMzLBdAjbg5WBBiThgSZGFzaF9iYXNlbGluZV8xX3YxEQB1%2Fgdl7J0BAA%3D%3D&ccb=9-4&oh=00_AfW7IyY6zIB9dxysyBIwZZEDMyZT9q97_JkxVB6J3a--Rw&oe=689B92A6&_nc_sid=8f1549, https://scontent-cgk2-1.cdninstagram.com/o1/v/t16/f2/m69/AQMjTCgfYcJmlYaGV2gxlIbyt1Z2aOHeWa3qgsqZI0MvKPuZ5OyD9Jq3tXD7IThVtV6W9ypnArzmaTdcpROcYDKb.mp4?stp=dst-mp4&efg=eyJxZV9ncm91cHMiOiJbXCJpZ193ZWJfZGVsaXZlcnlfdnRzX290ZlwiXSIsInZlbmNvZGVfdGFnIjoidnRzX3ZvZF91cmxnZW4uY2xpcHMuYzIuNTA0LmJhc2VsaW5lIn0&_nc_cat=104&vs=1094778708766239_1794134338&_nc_vs=HBksFQIYOnBhc3N0aHJvdWdoX2V2ZXJzdG9yZS9HSUNXbUFETVRDQ1RJNzBEQUFzcmU2eFZFUEVsYnFDQkFBQUYVAALIARIAFQIYOnBhc3N0aHJvdWdoX2V2ZXJzdG9yZS9HQXhaVng4bkpEdTV6NzRDQUpjVDlySlF5cFp5YnFDQkFBQUYVAgLIARIAKAAYABsAFQAAJp6azKzkntU%2FFQIoAkMzLBdAjbg5WBBiThgSZGFzaF9iYXNlbGluZV8yX3YxEQB1%2Fgdl7J0BAA%3D%3D&ccb=9-4&oh=00_AfXWhLoSNbOuCnRgpW5QNgUn31gXuO6izVO5YRJZfg1o1Q&oe=689B80A3&_nc_sid=8f1549, https://scontent-cgk2-1.cdninstagram.com/o1/v/t16/f2/m69/AQMjTCgfYcJmlYaGV2gxlIbyt1Z2aOHeWa3qgsqZI0MvKPuZ5OyD9Jq3tXD7IThVtV6W9ypnArzmaTdcpROcYDKb.mp4?stp=dst-mp4&efg=eyJxZV9ncm91cHMiOiJbXCJpZ193ZWJfZGVsaXZlcnlfdnRzX290ZlwiXSIsInZlbmNvZGVfdGFnIjoidnRzX3ZvZF91cmxnZW4uY2xpcHMuYzIuNTA0LmJhc2VsaW5lIn0&_nc_cat=104&vs=1094778708766239_1794134338&_nc_vs=HBksFQIYOnBhc3N0aHJvdWdoX2V2ZXJzdG9yZS9HSUNXbUFETVRDQ1RJNzBEQUFzcmU2eFZFUEVsYnFDQkFBQUYVAALIARIAFQIYOnBhc3N0aHJvdWdoX2V2ZXJzdG9yZS9HQXhaVng4bkpEdTV6NzRDQUpjVDlySlF5cFp5YnFDQkFBQUYVAgLIARIAKAAYABsAFQAAJp6azKzkntU%2FFQIoAkMzLBdAjbg5WBBiThgSZGFzaF9iYXNlbGluZV8yX3YxEQB1%2Fgdl7J0BAA%3D%3D&ccb=9-4&oh=00_AfXWhLoSNbOuCnRgpW5QNgUn31gXuO6izVO5YRJZfg1o1Q&oe=689B80A3&_nc_sid=8f1549"
727,Anger,tidak,IG: DownloadError: ERROR: [Instagram] DMj2HkQKSl_,https://www.instagram.com/reel/DMj2HkQKSl_/?utm_source=ig_web_copy_link&igsh=MzRlODBiNWFlZA==
735,Anger,tidak,IG: empty media (post mati),https://www.instagram.com/reel/DLZug6lhD0d/?utm_source=ig_web_copy_link&igsh=MzRlODBiNWFlZA==
796,Surprise,tidak,IG: empty media (post mati),https://www.instagram.com/reel/DMVRWpmTqUC/?igsh=dTEwdm9wdzk0aXgy
